,MKT_EXBTCETH
2022-01-01,100.0
2022-01-02,100.22625284586617
2022-01-03,99.37462539476694
2022-01-04,98.24621053899637
2022-01-05,92.1000291217285
2022-01-06,92.07619056617158
2022-01-07,86.84698527766281
2022-01-08,84.98236654607237
2022-01-09,86.48440473451942
2022-01-10,84.32189155713901
2022-01-11,88.79666619841488
2022-01-12,93.82132716053616
2022-01-13,90.35822099831506
2022-01-14,92.93781094557923
2022-01-15,93.20416254517183
2022-01-16,94.70511346684754
2022-01-17,91.11775582261197
2022-01-18,89.31867631526312
2022-01-19,85.32952859448064
2022-01-20,81.41792607548926
2022-01-21,71.19511435927693
2022-01-22,64.25593530459359
2022-01-23,67.71886125656317
2022-01-24,64.51940171294493
2022-01-25,65.98708523819181
2022-01-26,65.09167950446252
2022-01-27,64.17375121344003
2022-01-28,65.17237494696168
2022-01-29,66.86121358834613
2022-01-30,64.8986358111711
2022-01-31,67.01455015765411
2022-02-01,69.21654433653276
2022-02-02,65.60222725233707
2022-02-03,66.57041724155897
2022-02-04,72.6052054317521
2022-02-05,73.2846540028571
2022-02-06,75.49707645397802
2022-02-07,79.77458703771805
2022-02-08,78.18092605630468
2022-02-09,79.58238595650718
2022-02-10,75.90547567770012
2022-02-11,70.36295960806012
2022-02-12,70.72467913131328
2022-02-13,69.38032933427604
2022-02-14,70.48033636572141
2022-02-15,75.99098925239976
2022-02-16,75.03752001484372
2022-02-17,69.35034455052343
2022-02-18,68.07927167207507
2022-02-19,68.70048207923722
2022-02-20,65.15022990469573
2022-02-21,60.18990332170168
2022-02-22,62.75924439424766
2022-02-23,61.11973865269963
2022-02-24,61.50897034846713
2022-02-25,64.87734687877162
2022-02-26,64.87701459519596
2022-02-27,62.10804562627541
2022-02-28,69.23599337530374
2022-03-01,70.15645411444387
2022-03-02,69.14629552731134
2022-03-03,67.27559591125794
2022-03-04,62.818397965877246
2022-03-05,64.31649309861095
2022-03-06,61.50323131591428
2022-03-07,60.24966036185722
2022-03-08,61.025933547392775
2022-03-09,64.80033529010814
2022-03-10,61.629639817100845
2022-03-11,61.18081971127924
2022-03-12,61.29381764884244
2022-03-13,59.30372708705423
2022-03-14,60.866351719706145
2022-03-15,60.9707993369402
2022-03-16,64.0615917076205
2022-03-17,64.46219665291918
2022-03-18,66.1784928856472
2022-03-19,68.15998342029808
2022-03-20,66.00518619405949
2022-03-21,67.12582373847016
2022-03-22,68.91092433917284
2022-03-23,71.71743745281928
2022-03-24,73.94596753385534
2022-03-25,71.73652291659877
2022-03-26,73.60316545284971
2022-03-27,77.62770905745484
2022-03-28,76.92544555239074
2022-03-29,79.46307376762319
2022-03-30,81.19387333393178
2022-03-31,79.02625477939445
2022-04-01,82.19031704901822
2022-04-02,81.38928277144598
2022-04-03,84.4269769049147
2022-04-04,83.14140394718153
2022-04-05,80.84904675644658
2022-04-06,73.36402508584922
2022-04-07,76.81947131590435
2022-04-08,73.2534137993966
2022-04-09,74.53502380109263
2022-04-10,72.49624391418396
2022-04-11,66.58036716132813
2022-04-12,69.19198113707446
2022-04-13,70.80730533954143
2022-04-14,68.96113132770606
2022-04-15,70.18188723245714
2022-04-16,70.60310686572913
2022-04-17,68.18396047412388
2022-04-18,69.80141919640678
2022-04-19,72.00506735471508
2022-04-20,70.48133892748862
2022-04-21,67.95898247532718
2022-04-22,67.631840571749
2022-04-23,66.96175595730571
2022-04-24,66.05072482882423
2022-04-25,66.7502674253804
2022-04-26,62.02929200307674
2022-04-27,63.31732378740165
2022-04-28,63.11030379642022
2022-04-29,60.05103424441655
2022-04-30,55.18396453704789
2022-05-01,58.085934723156626
2022-05-02,57.61141424341443
2022-05-03,57.050141128517204
2022-05-04,62.38560034242704
2022-05-05,56.42179927172199
2022-05-06,55.86397235477
2022-05-07,54.02608360104546
2022-05-08,52.707843398546686
2022-05-09,43.44490782004565
2022-05-10,46.12417625083346
2022-05-11,36.301911180768
2022-05-12,34.157690808536486
2022-05-13,37.3838153213628
2022-05-14,38.496393253513205
2022-05-15,41.29717543028315
2022-05-16,38.144137328717534
2022-05-17,39.859554657551605
2022-05-18,35.750099422119796
2022-05-19,37.580739603132464
2022-05-20,36.270259887721956
2022-05-21,37.18896872296742
2022-05-22,38.30127005300448
2022-05-23,36.84499242697276
2022-05-24,37.563854331475916
2022-05-25,36.776294494856415
2022-05-26,34.004156849058504
2022-05-27,33.0247630363439
2022-05-28,34.21519105449979
2022-05-29,34.854292783737726
2022-05-30,37.66054387587629
2022-05-31,37.71217030785989
2022-06-01,34.49076591042983
2022-06-02,35.81776234345567
2022-06-03,34.124934642549604
2022-06-04,34.659528324227274
2022-06-05,34.406485198424086
2022-06-06,35.692737692028444
2022-06-07,34.75419332247158
2022-06-08,34.331208459038734
2022-06-09,34.593152751052166
2022-06-10,32.4572165943549
2022-06-11,30.18695199343776
2022-06-12,27.74140376618513
2022-06-13,25.349863700124942
2022-06-14,25.921841410522113
2022-06-15,28.559060410381637
2022-06-16,25.189079313859796
2022-06-17,25.82488538363039
2022-06-18,24.591281642008813
2022-06-19,26.566550750672775
2022-06-20,27.03267119315868
2022-06-21,27.768848336590985
2022-06-22,26.59779197684487
2022-06-23,28.50581147413449
2022-06-24,30.232869833266484
2022-06-25,30.596137277603507
2022-06-26,29.385611308622313
2022-06-27,29.05123676887787
2022-06-28,27.442441288869535
2022-06-29,27.064106980608233
2022-06-30,26.8422864073826
2022-07-01,26.172701879592648
2022-07-02,26.389197656351747
2022-07-03,26.519027302764194
2022-07-04,27.896333611444458
2022-07-05,27.33115459898063
2022-07-06,28.022331310334575
2022-07-07,29.118181389794152
2022-07-08,28.764816383763254
2022-07-09,29.38029521771528
2022-07-10,28.1547200341989
2022-07-11,26.39575704707935
2022-07-12,25.770417886043116
2022-07-13,27.19406951079354
2022-07-14,28.28320148312397
2022-07-15,28.295256148129493
2022-07-16,29.723116469271854
2022-07-17,29.169454682548984
2022-07-18,31.95562989007187
2022-07-19,32.83145718719675
2022-07-20,31.318612951084894
2022-07-21,32.179867847201876
2022-07-22,31.142545239327703
2022-07-23,31.30385716871468
2022-07-24,31.620419554837632
2022-07-25,29.026268365245965
2022-07-26,29.073355897495695
2022-07-27,32.07687356307918
2022-07-28,33.75215230552146
2022-07-29,34.234547359232636
2022-07-30,34.68548251877089
2022-07-31,34.240363732868005
2022-08-01,33.85609967450183
2022-08-02,33.112843010343994
2022-08-03,33.593385983554505
2022-08-04,33.969240752183815
2022-08-05,35.47608042019923
2022-08-06,35.27097450342857
2022-08-07,35.82710840091216
2022-08-08,36.646322649683086
2022-08-09,35.45077603269589
2022-08-10,37.14073510924934
2022-08-11,36.81481309726873
2022-08-12,37.81010120534159
2022-08-13,37.70123702241611
2022-08-14,37.391084917564484
2022-08-15,36.68376982945165
2022-08-16,36.602182257719555
2022-08-17,35.209796899858105
2022-08-18,33.82972776433892
2022-08-19,30.800427000156432
2022-08-20,30.753238180409742
2022-08-21,31.785506082121778
2022-08-22,31.46897982113484
2022-08-23,31.99273635974575
2022-08-24,31.630677998471164
2022-08-25,32.00459779619447
2022-08-26,29.360274466057056
2022-08-27,29.359025302720216
2022-08-28,28.451035933449276
2022-08-29,29.96982766642124
2022-08-30,29.44265236220469
2022-08-31,29.419103020330713
2022-09-01,29.83289746049583
2022-09-02,29.715750923898042
2022-09-03,29.929084640030307
2022-09-04,30.461103351749745
2022-09-05,30.58738606568078
2022-09-06,28.655186021374902
2022-09-07,30.155379586225827
2022-09-08,30.62880862342137
2022-09-09,32.26454199800942
2022-09-10,32.56933095095535
2022-09-11,32.442170086642804
2022-09-12,32.74555435249148
2022-09-13,29.96644499073232
2022-09-14,30.663688690036096
2022-09-15,29.574444549500743
2022-09-16,29.96725497020605
2022-09-17,30.870709773254234
2022-09-18,28.50939589590321
2022-09-19,29.339153608785022
2022-09-20,28.849878252487247
2022-09-21,28.21220754025045
2022-09-22,30.360277993386426
2022-09-23,30.98480340546534
2022-09-24,30.430567356187645
2022-09-25,30.184389737882306
2022-09-26,30.404885394792213
2022-09-27,29.873551682158155
2022-09-28,30.05625669060904
2022-09-29,30.6013960927324
2022-09-30,30.387662193453735
2022-10-01,30.056940718284885
2022-10-02,29.395713814769525
2022-10-03,30.121869906189712
2022-10-04,31.01508834366873
2022-10-05,31.01612583560295
2022-10-06,30.639801712116636
2022-10-07,30.588793341541642
2022-10-08,30.24838128894864
2022-10-09,30.625210335292717
2022-10-10,29.216692125411512
2022-10-11,28.740808527532476
2022-10-12,28.72198106398925
2022-10-13,28.40115100976505
2022-10-14,28.28018598969312
2022-10-15,27.99881629420363
2022-10-16,28.355548146863725
2022-10-17,28.900914955957425
2022-10-18,28.390075230020802
2022-10-19,27.622684112017765
2022-10-20,27.221271400164426
2022-10-21,27.586284219759683
2022-10-22,27.88470296150217
2022-10-23,28.642868055022635
2022-10-24,28.012615752596215
2022-10-25,29.32921669596993
2022-10-26,30.070547255468128
2022-10-27,29.61086586559518
2022-10-28,30.70167571700027
2022-10-29,31.973730156809875
2022-10-30,31.68417659192301
2022-10-31,32.245894387012655
2022-11-01,32.304280517612
2022-11-02,31.216234096727867
2022-11-03,31.657212956439295
2022-11-04,34.34049294613838
2022-11-05,34.53408404842954
2022-11-06,32.55110296109838
2022-11-07,32.26700122938136
2022-11-08,28.357361130422472
2022-11-09,22.818119767497375
2022-11-10,26.73487780953006
2022-11-11,25.778754914862212
2022-11-12,24.550172658595464
2022-11-13,23.712748799293276
2022-11-14,24.369815819261163
2022-11-15,24.744558679801493
2022-11-16,24.18429403379213
2022-11-17,23.988226923314755
2022-11-18,24.15083976902515
2022-11-19,24.09810252182917
2022-11-20,22.787411812375886
2022-11-21,22.32622883401013
2022-11-22,23.303178451748117
2022-11-23,24.72997910378757
2022-11-24,24.91512011673791
2022-11-25,24.926528197166284
2022-11-26,25.103324775240367
2022-11-27,25.16324217949736
2022-11-28,24.465359060475905
2022-11-29,24.926434955381442
2022-11-30,25.82017911673094
2022-12-01,25.28240241689059
2022-12-02,25.661571433364294
2022-12-03,25.134733957779492
2022-12-04,25.56809057062679
2022-12-05,25.381889576976143
2022-12-06,25.454738240334557
2022-12-07,24.648158814081256
2022-12-08,25.183065262950578
2022-12-09,24.907028558401905
2022-12-10,24.9029986496158
2022-12-11,24.41325968349041
2022-12-12,24.224656071112285
2022-12-13,24.655949754455552
2022-12-14,24.241794651426353
2022-12-15,23.638405395560643
2022-12-16,21.204377384092076
2022-12-17,21.703268386036516
2022-12-18,21.707634899957938
2022-12-19,20.759088037479543
2022-12-20,21.57012325248276
2022-12-21,21.277231644143107
2022-12-22,21.416244139498485
2022-12-23,21.403271283750048
2022-12-24,21.283513575496528
2022-12-25,21.208683675820026
2022-12-26,21.547878403851726
2022-12-27,21.4023509950829
2022-12-28,20.657182729864072
2022-12-29,20.57526377361712
2022-12-30,20.589255563883462
2022-12-31,20.626855433602337
2023-01-01,20.73413205460042
2023-01-02,21.253356676600195
2023-01-03,21.460492608451624
2023-01-04,22.240551623148043
2023-01-05,21.910694347515854
2023-01-06,22.317678736721913
2023-01-07,22.26461813673962
2023-01-08,23.188130745953924
2023-01-09,23.895642710483315
2023-01-10,24.23199889812438
2023-01-11,25.095351063516212
2023-01-12,25.665995513939087
2023-01-13,26.714123449965378
2023-01-14,28.549486789346666
2023-01-15,28.258005310944462
2023-01-16,28.11007879392594
2023-01-17,27.974048115973105
2023-01-18,26.66985310581586
2023-01-19,27.500645019080817
2023-01-20,29.968454484005836
2023-01-21,29.62006126400173
2023-01-22,30.139884370889646
2023-01-23,30.54594304316852
2023-01-24,29.1689765986011
2023-01-25,31.10053503307023
2023-01-26,31.008149877846474
2023-01-27,31.634355286762943
2023-01-28,31.19534246408274
2023-01-29,32.3432244447568
2023-01-30,30.587446384737515
2023-01-31,31.13868016065442
2023-02-01,32.39653066234343
2023-02-02,32.25705259396158
2023-02-03,32.97893627256311
2023-02-04,32.879707972490394
2023-02-05,31.9501177990415
2023-02-06,31.252487001993334
2023-02-07,32.72992305702127
2023-02-08,32.07355297707953
2023-02-09,29.391671664196018
2023-02-10,29.430833455296597
2023-02-11,29.986232069981746
2023-02-12,29.65780795335223
2023-02-13,29.068757043559202
2023-02-14,30.066473097155882
2023-02-15,32.33061366300094
2023-02-16,30.549635808146864
2023-02-17,32.20080589560334
2023-02-18,32.416840841071895
2023-02-19,32.47173636885806
2023-02-20,33.19524736217873
2023-02-21,32.22285138799996
2023-02-22,32.100233750317805
2023-02-23,31.775849091499403
2023-02-24,30.5200232794948
2023-02-25,30.078143985292066
2023-02-26,30.80009041568234
2023-02-27,30.32731123124898
2023-02-28,29.58298838027463
2023-03-01,30.543559201078494
2023-03-02,29.875473054761294
2023-03-03,28.670809120154
2023-03-04,28.1088351447958
2023-03-05,28.13226516721159
2023-03-06,28.096093407976092
2023-03-07,27.95097210391124
2023-03-08,26.976069128154716
2023-03-09,25.8158863248452
2023-03-10,25.88245387106698
2023-03-11,25.447013082397845
2023-03-12,27.417585306559534
2023-03-13,28.556115961663814
2023-03-14,29.24227468379252
2023-03-15,27.500744032484846
2023-03-16,28.329147943446447
2023-03-17,30.216594941455355
2023-03-18,29.27014818564369
2023-03-19,29.94204175613907
2023-03-20,28.841648370977335
2023-03-21,30.646653124296964
2023-03-22,29.343713664831306
2023-03-23,30.432934083555285
2023-03-24,29.203878149545464
2023-03-25,28.931500562611983
2023-03-26,29.522898897226913
2023-03-27,28.544624351387483
2023-03-28,29.40188853908497
2023-03-29,30.266879100730655
2023-03-30,30.17465737308647
2023-03-31,30.820276647306493
2023-04-01,30.523425994164917
2023-04-02,30.07507154143889
2023-04-03,30.008242283190516
2023-04-04,30.453365752511246
2023-04-05,30.622891915822738
2023-04-06,30.144941367090343
2023-04-07,29.996478232148988
2023-04-08,29.696079074213632
2023-04-09,29.955598777641967
2023-04-10,30.72107476866708
2023-04-11,30.98233531806554
2023-04-12,30.839906354631548
2023-04-13,31.957812048065065
2023-04-14,33.11103575637319
2023-04-15,33.217049015318636
2023-04-16,33.93371179334
2023-04-17,33.19698224665712
2023-04-18,34.081811697296644
2023-04-19,31.347006207635797
2023-04-20,30.538983114797112
2023-04-21,29.454260735951564
2023-04-22,30.17789809561745
2023-04-23,29.598395666680137
2023-04-24,29.516968657223103
2023-04-25,30.18084854186399
2023-04-26,29.629076464290865
2023-04-27,30.207870917174652
2023-04-28,30.178492283276636
2023-04-29,30.32318098822873
2023-04-30,30.1260937736423
2023-05-01,29.360711415680218
2023-05-02,29.429863444189603
2023-05-03,29.666207580109223
2023-05-04,29.184455942763716
2023-05-05,29.72281590591408
2023-05-06,28.579655057557247
2023-05-07,28.326273336400348
2023-05-08,26.8730347734481
2023-05-09,26.926101167182875
2023-05-10,27.295389836627876
2023-05-11,26.36240327006718
2023-05-12,26.988657211956628
2023-05-13,26.80876859320432
2023-05-14,27.02834674822732
2023-05-15,27.174205603131483
2023-05-16,27.24192284579388
2023-05-17,27.774244304370693
2023-05-18,27.307630131056392
2023-05-19,27.35796033107556
2023-05-20,27.413940037848988
2023-05-21,26.835380506932893
2023-05-22,27.011342086905564
2023-05-23,27.36399138450527
2023-05-24,26.474968081281535
2023-05-25,26.40670726708057
2023-05-26,26.74214784028618
2023-05-27,27.11112876029497
2023-05-28,27.8807892488044
2023-05-29,27.6846436227424
2023-05-30,27.88314979325331
2023-05-31,27.363037076003042
2023-06-01,27.1012232632119
2023-06-02,27.923206935206775
2023-06-03,27.820214173717382
2023-06-04,27.96131353276551
2023-06-05,25.933954689045606
2023-06-06,26.67530802608878
2023-06-07,25.21168928579668
2023-06-08,25.33672266561035
2023-06-09,25.036972682491314
2023-06-10,22.507421840175347
2023-06-11,22.547933514541725
2023-06-12,22.59992772614669
2023-06-13,22.9310207433012
2023-06-14,22.04672096178402
2023-06-15,22.124061928220204
2023-06-16,22.403749798149548
2023-06-17,22.78608644330533
2023-06-18,22.64643889925529
2023-06-19,22.878578403259116
2023-06-20,23.54379946532961
2023-06-21,24.38965956027056
2023-06-22,24.035718892926123
2023-06-23,24.920994717606614
2023-06-24,24.42069453805475
2023-06-25,24.801192624427735
2023-06-26,24.42869968780582
2023-06-27,24.845933056172125
2023-06-28,23.60613308356787
2023-06-29,24.247349845690202
2023-06-30,25.450180708477177
2023-07-01,25.763702111370506
2023-07-02,25.985039460086117
2023-07-03,26.133123538186304
2023-07-04,25.741030955075537
2023-07-05,25.207466031124177
2023-07-06,24.49994467978758
2023-07-07,25.172790183363897
2023-07-08,25.278775333966745
2023-07-09,25.033341731161922
2023-07-10,25.330269674225843
2023-07-11,25.480360090931818
2023-07-12,25.298375011978386
2023-07-13,30.099402147890352
2023-07-14,28.84942474415148
2023-07-15,29.04397781319488
2023-07-16,28.79677817488988
2023-07-17,28.915891155071023
2023-07-18,28.730133327909023
2023-07-19,29.370211028336147
2023-07-20,29.360461113634113
2023-07-21,29.23764469819492
2023-07-22,28.585160844282964
2023-07-23,28.871105737773572
2023-07-24,27.766324890087546
2023-07-25,27.827542780644084
2023-07-26,28.236854619814693
2023-07-27,28.26135719774918
2023-07-28,28.303515104187227
2023-07-29,28.578794905001377
2023-07-30,28.28877090980706
2023-07-31,28.00261325664949
2023-08-01,28.368798307799054
2023-08-02,27.37451878719214
2023-08-03,26.939456209186098
2023-08-04,26.791134529238054
2023-08-05,26.87772397556308
2023-08-06,26.822140523837017
2023-08-07,26.79294815929013
2023-08-08,27.347813377095886
2023-08-09,27.482561166694204
2023-08-10,27.258978748067513
2023-08-11,27.197263665958683
2023-08-12,27.24249293173197
2023-08-13,26.950087145563916
2023-08-14,27.2116790456355
2023-08-15,26.26158732698879
2023-08-16,25.132064375004955
2023-08-17,23.020541563044727
2023-08-18,23.243876909964676
2023-08-19,23.630456930117834
2023-08-20,23.81542330462911
2023-08-21,23.253480158332813
2023-08-22,23.05870731225541
2023-08-23,23.734638634594607
2023-08-24,23.346973458266902
2023-08-25,23.15688801912655
2023-08-26,23.10064685176149
2023-08-27,23.253998109355184
2023-08-28,23.231347099631115
2023-08-29,24.091773647421974
2023-08-30,23.460215423633677
2023-08-31,22.60021897840428
2023-09-01,22.204775571120706
2023-09-02,22.30732839569146
2023-09-03,22.36570214261272
2023-09-04,22.39567382930381
2023-09-05,22.49195106151761
2023-09-06,22.48210655659068
2023-09-07,22.662650564543902
2023-09-08,22.43860252186781
2023-09-09,22.36002120793021
2023-09-10,21.779298630834163
2023-09-11,20.998350828062808
2023-09-12,21.341472119360297
2023-09-13,21.59656782571318
2023-09-14,21.89336971219275
2023-09-15,22.25471765932987
2023-09-16,22.27723658501809
2023-09-17,21.921559895274477
2023-09-18,22.330206705512776
2023-09-19,22.70440301439548
2023-09-20,22.641900217222126
2023-09-21,22.038663566428678
2023-09-22,22.178421601671864
2023-09-23,22.179076191545082
2023-09-24,21.902661794757186
2023-09-25,22.15451394619496
2023-09-26,22.08846028712988
2023-09-27,22.117619786887488
2023-09-28,22.72953035306754
2023-09-29,22.949915298706564
2023-09-30,23.11287329350855
2023-10-01,23.957623315385977
2023-10-02,23.264775505456722
2023-10-03,23.30834593281375
2023-10-04,23.201780738169095
2023-10-05,22.890764180963394
2023-10-06,23.257342210880086
2023-10-07,23.094195433639115
2023-10-08,22.93429343595193
2023-10-09,22.128227648151157
2023-10-10,22.08136436330034
2023-10-11,21.88347169251674
2023-10-12,21.584555001808884
2023-10-13,21.76930235692388
2023-10-14,21.858222046505645
2023-10-15,21.954733580398692
2023-10-16,22.528340450902057
2023-10-17,22.082866502535314
2023-10-18,21.90857734581386
2023-10-19,22.335481428865606
2023-10-20,22.827102088719677
2023-10-21,23.69059807218331
2023-10-22,24.169791029478596
2023-10-23,25.578592380862176
2023-10-24,25.35271041865559
2023-10-25,25.80515102555295
2023-10-26,25.902875500238427
2023-10-27,25.511999868847578
2023-10-28,25.75538657258282
2023-10-29,26.24675280237116
2023-10-30,26.862352436032033
2023-10-31,27.190773356795233
2023-11-01,28.263348772996395
2023-11-02,27.939887884065257
2023-11-03,28.060056488591368
2023-11-04,28.758956948346658
2023-11-05,29.436288504518394
2023-11-06,30.9095208439424
2023-11-07,30.20503585650677
2023-11-08,30.795167808708207
2023-11-09,31.147796767704083
2023-11-10,32.75856958663891
2023-11-11,33.15994742825492
2023-11-12,33.40756157822061
2023-11-13,31.827018588077323
2023-11-14,31.684823153996323
2023-11-15,34.08435351627822
2023-11-16,32.387973269650004
2023-11-17,32.50861768834451
2023-11-18,32.32794888619092
2023-11-19,33.2434195945956
2023-11-20,32.37211908583539
2023-11-21,29.822224215966614
2023-11-22,32.09342843268394
2023-11-23,32.15759133445151
2023-11-24,32.423232846808354
2023-11-25,33.02917109128205
2023-11-26,32.60100759109714
2023-11-27,31.70840945449669
2023-11-28,32.30153314622139
2023-11-29,32.251174786012314
2023-11-30,32.33655290319085
2023-12-01,32.7718139023569
2023-12-02,33.83656014944155
2023-12-03,33.63388747667987
2023-12-04,34.16539132137046
2023-12-05,34.50331984101702
2023-12-06,34.69846605692703
2023-12-07,36.092260644802835
2023-12-08,38.622961648976286
2023-12-09,38.4079764870382
2023-12-10,39.482744887649794
2023-12-11,37.498505367953385
2023-12-12,38.284326342727994
2023-12-13,39.258217455326765
2023-12-14,39.91329886251294
2023-12-15,38.31585291134707
2023-12-16,39.46032171999963
2023-12-17,38.24629610835416
2023-12-18,38.957842347746464
2023-12-19,38.46820403432516
2023-12-20,40.391535862686595
2023-12-21,43.2356828161008
2023-12-22,44.30890529979706
2023-12-23,45.60672838317634
2023-12-24,45.60420847244153
2023-12-25,47.638546054605705
2023-12-26,46.50473393777361
2023-12-27,47.22059333930907
2023-12-28,45.991411895803516
2023-12-29,45.955718978525404
2023-12-30,45.5312739032445
2023-12-31,45.40946629270747
2024-01-01,47.77476338670732
2024-01-02,47.02736638389117
2024-01-03,44.28252548166629
2024-01-04,45.92763761454526
2024-01-05,44.30406631428522
2024-01-06,42.355266662932166
2024-01-07,40.82979782830238
2024-01-08,43.51562065767385
2024-01-09,42.79354843193923
2024-01-10,45.83454159580606
2024-01-11,46.36580764612379
2024-01-12,43.95777480864233
2024-01-13,44.78929287004922
2024-01-14,43.56990831851017
2024-01-15,44.39378148960006
2024-01-16,44.78602849444403
2024-01-17,44.72163387048043
2024-01-18,42.49054158400155
2024-01-19,42.45006239566261
2024-01-20,42.621129925363434
2024-01-21,42.03693608125469
2024-01-22,39.66942535126206
2024-01-23,39.508915866979635
2024-01-24,40.19470720605421
2024-01-25,39.65001475985527
2024-01-26,41.5624717550088
2024-01-27,41.95838280653627
2024-01-28,42.05227621957952
2024-01-29,43.697076743982876
2024-01-30,43.15961797715529
2024-01-31,41.705204993389316
2024-02-01,42.337466720106384
2024-02-02,43.177265288861214
2024-02-03,42.71057546055811
2024-02-04,42.08094612596497
2024-02-05,42.262917998722024
2024-02-06,42.55753796417351
2024-02-07,43.6851549496185
2024-02-08,44.08182878367734
2024-02-09,45.69348398252746
2024-02-10,46.07555972216119
2024-02-11,46.02719764253889
2024-02-12,47.480195523696
2024-02-13,47.02278304159907
2024-02-14,48.70508488527532
2024-02-15,49.27755241778012
2024-02-16,48.63725906369004
2024-02-17,48.310778470975634
2024-02-18,49.16069535271902
2024-02-19,49.68562675239545
2024-02-20,48.80112563153593
2024-02-21,47.80484081204604
2024-02-22,47.27063475665069
2024-02-23,47.33544146533432
2024-02-24,48.64747556009708
2024-02-25,48.921344384630395
2024-02-26,50.62364866756855
2024-02-27,50.876193810337746
2024-02-28,52.97678998246478
2024-02-29,53.75301188670532
2024-03-01,56.20819529669839
2024-03-02,59.029794265973976
2024-03-03,58.797538479063185
2024-03-04,60.8274045376225
2024-03-05,57.445560283019624
2024-03-06,61.21146810132975
2024-03-07,63.466506762219495
2024-03-08,63.97116346329702
2024-03-09,64.34209706326573
2024-03-10,64.10508051985533
2024-03-11,67.5321590755745
2024-03-12,67.6031965483251
2024-03-13,70.59374588470511
2024-03-14,71.17841271181476
2024-03-15,70.1779716554972
2024-03-16,65.60920635987019
2024-03-17,69.44067861844354
2024-03-18,67.45035179842658
2024-03-19,61.07958396383953
2024-03-20,67.0820079623658
2024-03-21,65.61667575734013
2024-03-22,64.47995128927934
2024-03-23,64.51940400962565
2024-03-24,67.52373125949055
2024-03-25,69.6254573533438
2024-03-26,70.26378393115388
2024-03-27,69.07731043186595
2024-03-28,70.4973693673469
2024-03-29,71.0776928365162
2024-03-30,70.28741995603906
2024-03-31,72.57928840570256
2024-04-01,69.06976606510536
2024-04-02,64.94740425234154
2024-04-03,64.7053363004934
2024-04-04,65.85251587197821
2024-04-05,64.16167366595741
2024-04-06,65.63572907498406
2024-04-07,66.42356745878816
2024-04-08,67.78477985402283
2024-04-09,64.95328008033849
2024-04-10,65.22149653328084
2024-04-11,64.28705616648551
2024-04-12,57.300665342130145
2024-04-13,51.26015929056831
2024-04-14,54.85255847458238
2024-04-15,52.484474497389364
2024-04-16,52.01270081476061
2024-04-17,50.75003988030012
2024-04-18,52.97505773536943
2024-04-19,53.267789284653034
2024-04-20,56.73763530970535
2024-04-21,56.222522145868545
2024-04-22,58.626460741570675
2024-04-23,58.095738686168865
2024-04-24,56.001109401724534
2024-04-25,55.76564787445918
2024-04-26,54.512092980014195
2024-04-27,54.85824072407329
2024-04-28,54.24648525812691
2024-04-29,53.92320602570288
2024-04-30,51.01952063491488
2024-05-01,51.970989434631655
2024-05-02,52.51548953206897
2024-05-03,54.8772416366516
2024-05-04,55.43484663124353
2024-05-05,55.781448580934345
2024-05-06,56.04944734686238
2024-05-07,54.52870970550543
2024-05-08,53.65190077027652
2024-05-09,55.6717959721328
2024-05-10,53.65147523396773
2024-05-11,53.522258212502074
2024-05-12,53.262974979564895
2024-05-13,53.813641310853285
2024-05-14,52.17954662352143
2024-05-15,55.98600398957301
2024-05-16,55.75343195279569
2024-05-17,57.936014968454245
2024-05-18,58.170286015021354
2024-05-19,56.9519653809145
2024-05-20,62.02760194083125
2024-05-21,61.69468913825623
2024-05-22,60.644090804261644
2024-05-23,59.82612949427257
2024-05-24,59.30247958922947
2024-05-25,60.15768554389235
2024-05-26,59.0267248040311
2024-05-27,60.583349895668135
2024-05-28,59.798842663298366
2024-05-29,59.0880037138411
2024-05-30,58.45689929470902
2024-05-31,58.13994973635752
2024-06-01,58.418818515958506
2024-06-02,57.614337161030384
2024-06-03,58.23812715185346
2024-06-04,60.70571432978768
2024-06-05,61.52350749340718
2024-06-06,60.78430155048656
2024-06-07,57.78518942414639
2024-06-08,56.60080639528348
2024-06-09,57.27695772466602
2024-06-10,55.81579850631725
2024-06-11,53.192222354349894
2024-06-12,55.34404893255584
2024-06-13,52.96390198440276
2024-06-14,51.90202508273579
2024-06-15,52.73308022559222
2024-06-16,53.60428005972092
2024-06-17,51.30612185027215
2024-06-18,48.94944882515706
2024-06-19,49.40829386549052
2024-06-20,49.06318410146853
2024-06-21,49.04582973205014
2024-06-22,48.82426832000468
2024-06-23,47.676509693801535
2024-06-24,47.87112993915471
2024-06-25,49.1601611811025
2024-06-26,48.66369709849413
2024-06-27,50.69624524283166
2024-06-28,48.90715194456297
2024-06-29,48.82700810403258
2024-06-30,50.39690181185604
2024-07-01,50.17714840132871
2024-07-02,51.210512551742795
2024-07-03,48.178226138707565
2024-07-04,43.949713530338094
2024-07-05,43.928220174326746
2024-07-06,46.93619699774944
2024-07-07,43.53506553967102
2024-07-08,45.41658684738305
2024-07-09,46.18293247743668
2024-07-10,46.53026744574087
2024-07-11,45.956720018164276
2024-07-12,47.24203234376572
2024-07-13,48.42616383237327
2024-07-14,49.598576288375064
2024-07-15,52.79235678882631
2024-07-16,53.01451085578305
2024-07-17,52.34499930252922
2024-07-18,51.97397690707957
2024-07-19,54.16919518755587
2024-07-20,54.92933033259262
2024-07-21,56.818298560118244
2024-07-22,55.11071584552438
2024-07-23,53.84009320504205
2024-07-24,53.64462385677472
2024-07-25,52.33801164796693
2024-07-26,54.60043466631429
2024-07-27,54.545113654069134
2024-07-28,54.32713559786448
2024-07-29,53.883486885153275
2024-07-30,53.45431208056145
2024-07-31,51.93349746319592
2024-08-01,51.218968303104695
2024-08-02,47.531576164384795
2024-08-03,45.799460465883755
2024-08-04,43.541495469757834
2024-08-05,40.29530650645785
2024-08-06,43.006398614644965
2024-08-07,43.11263171873166
2024-08-08,47.68154394552851
2024-08-09,46.46097390848405
2024-08-10,46.69284674138388
2024-08-11,43.92501385979169
2024-08-12,45.6485366909501
2024-08-13,45.974196639865276
2024-08-14,45.38713362165469
2024-08-15,44.539442271361395
2024-08-16,44.322381972866644
2024-08-17,45.15766332738826
2024-08-18,44.906136527376304
2024-08-19,46.13496419257519
2024-08-20,46.375024108538796
2024-08-21,47.27574238222948
2024-08-22,47.76099663031226
2024-08-23,50.219295267754994
2024-08-24,50.800425372067934
2024-08-25,50.03011492290222
2024-08-26,48.349556626024295
2024-08-27,45.96256209853254
2024-08-28,45.6861389792419
2024-08-29,45.20187837737063
2024-08-30,45.09489773240398
2024-08-31,44.590358133025866
2024-09-01,42.60021649603727
2024-09-02,44.23407846997316
2024-09-03,42.54916526672062
2024-09-04,43.26756261383118
2024-09-05,42.42138491275401
2024-09-06,41.07889574187894
2024-09-07,41.906642490962064
2024-09-08,42.79253355082793
2024-09-09,44.35063773861009
2024-09-10,44.64242779628657
2024-09-11,44.29018950540025
2024-09-12,45.442710948273884
2024-09-13,46.43147637123812
2024-09-14,46.144431376819064
2024-09-15,44.80073502914121
2024-09-16,44.2151113541882
2024-09-17,44.79391258922909
2024-09-18,45.82312351383255
2024-09-19,47.35015027893665
2024-09-20,48.095115736930765
2024-09-21,49.33806654052846
2024-09-22,48.44300527168702
2024-09-23,49.14138570413489
2024-09-24,50.61928580255426
2024-09-25,49.53781408546676
2024-09-26,51.60269112212952
2024-09-27,52.71660228302969
2024-09-28,52.54612285789594
2024-09-29,52.63790213165246
2024-09-30,50.29585358299343
2024-10-01,47.80878073196876
2024-10-02,46.492356235735684
2024-10-03,46.02822925525453
2024-10-04,47.6906210589263
2024-10-05,47.489870266941665
2024-10-06,48.536800583028494
2024-10-07,47.988625320430344
2024-10-08,48.067556434855305
2024-10-09,46.94062040315355
2024-10-10,46.943157361962925
2024-10-11,48.4844161095249
2024-10-12,49.17043474765717
2024-10-13,48.996657738634504
2024-10-14,51.168742699962
2024-10-15,50.64275177128018
2024-10-16,50.66918143146927
2024-10-17,49.829456179925934
2024-10-18,50.96024546266943
2024-10-19,51.39384975993858
2024-10-20,52.86121721316476
2024-10-21,52.01376786438456
2024-10-22,51.88291222005529
2024-10-23,51.51089892344356
2024-10-24,52.5577692400187
2024-10-25,49.26127514482517
2024-10-26,50.38415238708017
2024-10-27,51.32524251089337
2024-10-28,52.215107095745836
2024-10-29,53.548135679750395
2024-10-30,52.70312948189705
2024-10-31,50.673041510848435
2024-11-01,50.24216037916284
2024-11-02,49.78297123137208
2024-11-03,48.51289311621113
2024-11-04,47.630182846166605
2024-11-05,49.585457830126586
2024-11-06,54.590186956386454
2024-11-07,56.06252086881614
2024-11-08,57.054589456369186
2024-11-09,59.20311126648316
2024-11-10,63.02317222642072
2024-11-11,67.95586766706408
2024-11-12,66.4859060129106
2024-11-13,66.67277305106852
2024-11-14,65.61128072086487
2024-11-15,69.66710402725825
2024-11-16,72.73924143043892
2024-11-17,73.05110073919336
2024-11-18,75.25498391655992
2024-11-19,74.63659235760248
2024-11-20,73.5555390173327
2024-11-21,78.4327386182159
2024-11-22,83.65333347525197
2024-11-23,85.9692274548292
2024-11-24,85.79510422910023
2024-11-25,81.4961794678087
2024-11-26,80.77216363428906
2024-11-27,85.13829958499485
2024-11-28,85.26816354562999
2024-11-29,89.37042757524362
2024-11-30,90.28047795895418
2024-12-01,94.39732202501233
2024-12-02,99.11505581161461
2024-12-03,101.7038218006007
2024-12-04,100.43712781044864
2024-12-05,99.07530725227546
2024-12-06,103.44443514290514
2024-12-07,105.06420381568222
2024-12-08,105.39231435210267
2024-12-09,92.07691439797289
2024-12-10,92.08802821731211
2024-12-11,97.41246539535202
2024-12-12,98.48215919639148
2024-12-13,99.60988620799364
2024-12-14,96.82871397131237
2024-12-15,98.86638463890469
2024-12-16,97.35913659978675
2024-12-17,97.40140263974962
2024-12-18,89.26455917936042
2024-12-19,83.4851476331664
2024-12-20,85.49405480083243
2024-12-21,82.18716748073109
2024-12-22,81.44201442276679
2024-12-23,85.93833843758216
2024-12-24,88.26718111368247
2024-12-25,87.33541189652078
2024-12-26,82.6154542159521
2024-12-27,82.00628678125668
2024-12-28,84.86919495843323
2024-12-29,81.78499674027526
2024-12-30,81.75152110839194
2024-12-31,81.39468995338626
2025-01-01,85.7403595553175
2025-01-02,88.80324414459382
2025-01-03,93.60474912909784
2025-01-04,93.57941204904125
2025-01-05,92.9413577466891
2025-01-06,94.2050361245909
2025-01-07,86.98865753219259
2025-01-08,86.18917589084849
2025-01-09,82.58467393058694
2025-01-10,84.90966682799854
2025-01-11,87.1993691435867
2025-01-12,85.74510257832563
2025-01-13,84.36234400872557
2025-01-14,87.33447633509329
2025-01-15,95.90955856037411
2025-01-16,96.94031589615469
2025-01-17,100.95937097913902
2025-01-18,102.43239148111137
2025-01-19,95.18723581099152
2025-01-20,95.92988458392344
2025-01-21,98.46849913549181
2025-01-22,98.04609977917616
2025-01-23,96.8208452972428
2025-01-24,96.12551474816838
2025-01-25,96.57608136848064
2025-01-26,92.78975915669457
2025-01-27,92.03321650844568
2025-01-28,89.19725460499735
2025-01-29,90.3794626071338
2025-01-30,93.54155454573119
2025-01-31,92.27390424064914
2025-02-01,86.33803745618792
2025-02-02,78.50017768368525
2025-02-03,81.73393263085077
2025-02-04,76.68453157320614
2025-02-05,73.9537759731689
2025-02-06,71.91431322077479
2025-02-07,72.70226218173181
2025-02-08,74.509064152374
2025-02-09,74.20650291373063
2025-02-10,75.56363047258188
2025-02-11,75.74603031518008
2025-02-12,78.27599467275573
2025-02-13,77.69657706384315
2025-02-14,79.9774766563772
2025-02-15,79.26437815281928
2025-02-16,78.01851032704337
2025-02-17,76.5803807814742
2025-02-18,73.64667060203782
2025-02-19,75.57501029075638
2025-02-20,76.63649754766136
2025-02-21,73.67445563032099
2025-02-22,75.01895810941103
2025-02-23,74.37496384735168
2025-02-24,65.68657364753899
2025-02-25,66.63866234482862
2025-02-26,64.46748788838825
2025-02-27,64.7161593271009
2025-02-28,64.84424692927377
2025-03-01,65.44679614520167
2025-03-02,79.24397645687205
2025-03-03,65.9643621161616
2025-03-04,67.17701203163048
2025-03-05,69.22683931440609
2025-03-06,69.03749921458342
2025-03-07,66.18143939844617
2025-03-08,65.02219380034376
2025-03-09,59.58378253361389
2025-03-10,56.054212553694136
2025-03-11,59.18887010476458
2025-03-12,60.59660715456218
2025-03-13,59.90576869417117
2025-03-14,62.50095007824115
2025-03-15,64.04682219556142
2025-03-16,61.153912655851904
2025-03-17,62.90716932333578
2025-03-18,62.084121366159295
2025-03-19,65.91762993696064
2025-03-20,63.90966734203323
2025-03-21,63.22301090774042
2025-03-22,63.16267687770105
2025-03-23,64.26450575571678
2025-03-24,66.27045378750705
2025-03-25,66.79802705789912
2025-03-26,65.24695855125499
2025-03-27,65.80246890974082
2025-03-28,62.13916068332265
2025-03-29,59.81230982956192
2025-03-30,59.64265717972963
2025-03-31,59.32093888489997
2025-04-01,60.70303981025971
2025-04-02,57.323356836528475
2025-04-03,57.75606422607342
2025-04-04,59.0237448301695
2025-04-05,58.526534722650524
2025-04-06,52.53963214773667
2025-04-07,52.810646485555104
2025-04-08,51.071573287231786
2025-04-09,56.88974049531736
2025-04-10,54.83259241104182
2025-04-11,56.86917818932977
2025-04-12,60.104962999191095
2025-04-13,58.594334098940784
2025-04-14,58.63720037978148
2025-04-15,57.20480658710818
2025-04-16,57.673075088201266
2025-04-17,58.328591352591616
2025-04-18,58.381720980874384
2025-04-19,59.51156974162757
2025-04-20,59.251381053239726
2025-04-21,59.40419445036979
2025-04-22,63.7175320439365
2025-04-23,64.31306104825629
2025-04-24,64.87485001754561
2025-04-25,64.69386500698917
2025-04-26,64.87745212240628
2025-04-27,64.51873102571508
2025-04-28,65.14044048303369
2025-04-29,64.07090513523615
2025-04-30,63.49518993805011
2025-05-01,64.55511451702122
2025-05-02,64.2235376493152
2025-05-03,63.23437968158758
2025-05-04,61.96651128040077
2025-05-05,62.11448465166593
2025-05-06,62.644812858024565
2025-05-07,62.39048371950678
2025-05-08,69.20515162650675
2025-05-09,71.38857559940004
2025-05-10,75.65713954322753
2025-05-11,72.9388203104358
2025-05-12,74.51496778079374
2025-05-13,76.4708763676769
2025-05-14,74.35073765261157
2025-05-15,71.19192272708281
2025-05-16,70.65805757673215
2025-05-17,69.5407376241724
2025-05-18,72.10703804308737
2025-05-19,70.49706589950941
2025-05-20,70.65038024497674
2025-05-21,72.35600357711162
2025-05-22,74.77009491074465
2025-05-23,70.6839994488805
2025-05-24,71.28375467540144
2025-05-25,71.53030059252985
2025-05-26,71.23759487078493
2025-05-27,71.93209584868832
2025-05-28,71.19762689302527
2025-05-29,69.40035637454078
2025-05-30,65.38256724762533
2025-05-31,65.792677722686
2025-06-01,66.21561321981198
2025-06-02,66.6400083147191
2025-06-03,66.71782690841374
2025-06-04,65.67279351511479
2025-06-05,62.15487505637453
2025-06-06,63.97831846515598
2025-06-07,65.16960943075209
2025-06-08,66.0038837914995
2025-06-09,68.71586047082448
2025-06-10,70.20553021675747
2025-06-11,68.54107433406469
2025-06-12,65.48455052045277
2025-06-13,64.3927465024997
2025-06-14,63.2612342986847
2025-06-15,64.44018933300802
2025-06-16,64.7921694244197
2025-06-17,63.1804552332335
2025-06-18,63.126248487593195
2025-06-19,63.19745922247159
2025-06-20,61.29407662181554
2025-06-21,59.40008754727404
2025-06-22,57.84914950186605
2025-06-23,62.26424232219087
2025-06-24,62.99756929423395
2025-06-25,62.39824914517327
2025-06-26,60.85769708443895
2025-06-27,61.78967869226809
2025-06-28,63.26300193691691
2025-06-29,64.56074434047947
2025-06-30,64.38789462301014
2025-07-01,62.074377729953625
2025-07-02,64.67209378081468
2025-07-03,65.213133467231
2025-07-04,63.317013126130476
2025-07-05,63.52775124861704
2025-07-06,64.90526744487471
2025-07-07,64.34923986337051
2025-07-08,65.35548002148887
2025-07-09,67.83197776545431
2025-07-10,71.50451225081416
2025-07-11,73.26886271302939
2025-07-12,72.94361334524866
2025-07-13,74.73705131204683
2025-07-14,75.99561256657287
2025-07-15,76.49559293535229
2025-07-16,78.98185947080356
2025-07-17,83.81492090923861
2025-07-18,83.81329781211451
2025-07-19,84.51511692000607
2025-07-20,86.74092969315438
2025-07-21,89.11325724460694
2025-07-22,90.53399178794226
2025-07-23,83.52078582477839
2025-07-24,82.16646785137272
2025-07-25,83.6044933598085
2025-07-26,84.17697748642563
2025-07-27,86.71161253094326
2025-07-28,83.3789906652137
2025-07-29,82.7022685447709
2025-07-30,81.40020943424358
2025-07-31,79.12006203745277
2025-08-01,76.44473585199546
2025-08-02,73.60005891980175
2025-08-03,76.52743726135876
2025-08-04,79.63614193462345
2025-08-05,77.00696993613305
2025-08-06,78.3284132709059
2025-08-07,83.39770575089398
2025-08-08,84.06084084533823
2025-08-09,84.76501192395969
2025-08-10,84.63202514483535
2025-08-11,82.42139088663674
2025-08-12,87.53055277478697
2025-08-13,89.94841606825277
2025-08-14,85.68201170469301
2025-08-15,84.71097621017944
2025-08-16,85.64342367458046
2025-08-17,86.71066059458087
2025-08-18,84.52613335528305
2025-08-19,80.311188144969
2025-08-20,84.27317312425504
2025-08-21,81.51639761706713
2025-08-22,88.84602329275592
2025-08-23,88.41050619017135
2025-08-24,87.71425682710824
2025-08-25,81.41697964126587
2025-08-26,84.77433198212783
2025-08-27,84.54467995615238
2025-08-28,86.43096592684608
2025-08-29,82.9254795940542
2025-08-30,82.88769080994618
2025-08-31,81.94112273789929
2025-09-01,80.90020041428838
2025-09-02,83.82660444438123
2025-09-03,84.23003879573115
2025-09-04,81.85052091472164
2025-09-05,82.65617705368705
2025-09-06,82.08848222758964
2025-09-07,84.19148694301447
2025-09-08,86.27638033443496
2025-09-09,86.45313965491803
2025-09-10,88.43709081847459
2025-09-11,90.04552051078649
2025-09-12,92.96470613422791
2025-09-13,93.69138144761979
2025-09-14,91.53023208168094
2025-09-15,89.8676361458625
2025-09-16,91.299970730988
2025-09-17,93.91855649956786
2025-09-18,94.62931757938361
2025-09-19,91.87189324972273
2025-09-20,92.82017366249515
2025-09-21,92.07308736388302
2025-09-22,87.16792920133491
2025-09-23,86.30927312352709
2025-09-24,87.03584515173095
2025-09-25,81.00588051816747
2025-09-26,83.56341225741696
2025-09-27,83.43103477746475
2025-09-28,85.65141168889838
2025-09-29,86.46329781825965
2025-09-30,85.26952806234776
2025-10-01,89.15390714453021
2025-10-02,92.71977482935056
2025-10-03,94.03786553552777
2025-10-04,91.724145990134
2025-10-05,92.06519120784546
2025-10-06,94.46802016418657
2025-10-07,91.82750596205769
2025-10-08,93.58040728926524
2025-10-09,90.78591862385403
2025-10-10,75.84886342506945
2025-10-11,75.31311090910727
2025-10-12,82.85006831838686
2025-10-13,85.32206880597721
2025-10-14,81.67882941754984
2025-10-15,78.5322724079747
2025-10-16,75.86556793711995
2025-10-17,73.38623828646737
2025-10-18,75.04973095433577
2025-10-19,76.18649246645961
2025-10-20,77.40577254978025
2025-10-21,75.17903696351625
2025-10-22,73.97546248703676
2025-10-23,76.43749266970387
2025-10-24,77.60188436235681
2025-10-25,78.33726130309115
2025-10-26,80.671702731919
2025-10-27,80.03491219980722
2025-10-28,78.26471493001775
2025-10-29,77.9891121073415
2025-10-30,74.55520522839143
2025-10-31,75.82581846452557
2025-11-01,76.16102294917813
2025-11-02,76.28914906217308
2025-11-03,68.83864746404569
2025-11-04,65.55071779158625
2025-11-05,68.37406453832956
2025-11-06,66.26035156346005
2025-11-07,70.62100636392225
2025-11-08,69.90501280760375
2025-11-09,71.4585091811445
2025-11-10,73.57177498550882
2025-11-11,69.4452645680663
2025-11-12,68.83339851505697
2025-11-13,66.58137206462617
2025-11-14,64.25935276408423
2025-11-15,64.99794419656997
2025-11-16,63.835278395519325
2025-11-17,62.19085331524439
2025-11-18,64.41899180455927
2025-11-19,62.16413766015366
2025-11-20,59.526548945803285
2025-11-21,57.402011822484
2025-11-22,57.264943549601234
2025-11-23,58.63914463354405
2025-11-24,61.67165954122731
2025-11-25,61.48058065681696
2025-11-26,62.795626627401056
2025-11-27,62.38701021794215
2025-11-28,61.57277099626253
2025-11-29,61.088577472034466
2025-11-30,60.42123297388575
2025-12-01,57.00850780445443
2025-12-02,61.18684544178915
2025-12-03,63.52814403417544
2025-12-04,61.51708697903779
2025-12-05,59.39400087807213
2025-12-06,59.59466961193153
2025-12-07,59.695683494965635
2025-12-08,60.297451953623536
2025-12-09,61.715874880684964
2025-12-10,60.52123497911115
2025-12-11,59.97873458227181
2025-12-12,58.83976014850889
2025-12-13,59.40931846477967
2025-12-14,57.890964931523406
2025-12-15,56.39235831045749
2025-12-16,57.15679787202519
2025-12-17,54.97776624332481
2025-12-18,53.630835900372745
2025-12-19,56.44858914451228
2025-12-20,56.60818270165592
2025-12-21,56.41925873005488
2025-12-22,56.313659640230064
2025-12-23,55.41861353445769
2025-12-24,55.07350905654701
2025-12-25,54.157291026168366
2025-12-26,54.74136633077603
2025-12-27,55.96624688187273
2025-12-28,56.146145974595726
2025-12-29,55.369033348173666
2025-12-30,55.86255470964305
2025-12-31,55.1834276046902
2026-01-01,56.51790408401899
2026-01-02,59.257801299237414
2026-01-03,59.623799432119206
2026-01-04,60.87250741980365
2026-01-05,63.89646878609045
2026-01-06,63.965560994919144
2026-01-07,61.664477923175795
2026-01-08,61.081168251249316
2026-01-09,60.69738777101985
2026-01-10,60.7910558056022
2026-01-11,60.892357721832994
2026-01-12,60.42021056936585
2026-01-13,63.62744759922714
2026-01-14,63.403570323957524
2026-01-15,61.65668478284185
2026-01-16,61.92473017067456
2026-01-17,62.04570875528975
2026-01-18,60.02728701096095
2026-01-19,59.02997835138495
2026-01-20,56.141218395509696
2026-01-21,57.30649943434847
2026-01-22,57.00647549237665
2026-01-23,56.87205836325945
2026-01-24,56.667026406131505
2026-01-25,54.349625678798866
2026-01-26,55.93566453003174
2026-01-27,56.829505694997536
2026-01-28,56.607786646685845
2026-01-29,53.670071261282914
2026-01-30,52.63916817684191
2026-01-31,48.53273039199741
2026-02-01,47.04161507576135
2026-02-02,48.257970725968576
2026-02-03,46.82154959304886
2026-02-04,44.72654156837989
2026-02-05,38.0235412765253
2026-02-06,42.77331966230536
2026-02-07,42.27575471195255
2026-02-08,42.00668659341227
2026-02-09,41.96683779511881
2026-02-10,40.786231970699745
2026-02-11,39.83173537998066
2026-02-12,39.99518910332745
2026-02-13,41.49017906060296
2026-02-14,43.5583459916198
2026-02-15,42.33508904277189
2026-02-16,42.78139312355304
2026-02-17,42.23120002642228
2026-02-18,41.018633383062166
2026-02-19,41.013622547332396
2026-02-20,41.9164125529193
2026-02-21,41.96764720112036
2026-02-22,41.06386932521079
2026-02-23,39.40112732599538
2026-02-24,39.14315269909137
2026-02-25,42.477972837558205
2026-02-26,41.66871838318825
2026-02-27,40.41916468069407
2026-02-28,40.91225593706029
2026-03-01,40.36843467996438
2026-03-02,41.52294441079717
2026-03-03,41.049595029149636
2026-03-04,42.871180469691
2026-03-05,42.0866053553332
2026-03-06,40.73971506558444
2026-03-07,40.317415233362254
2026-03-08,39.774222569123566
2026-03-09,40.83765114316679
2026-03-10,41.411966260080995
2026-03-11,41.73791986268258
2026-03-12,41.85096237172259
2026-03-13,42.26349522858061
2026-03-14,42.358640056717846
2026-03-15,43.53877937128841
2026-03-16,45.2572404560302
2026-03-17,44.59513683741429
2026-03-18,43.006202222860075
2026-03-19,42.3052130065201
2026-03-20,42.57955181172549
2026-03-21,41.634983036226046
2026-03-22,41.068103043703545
2026-03-23,42.540361748159484
2026-03-24,42.44627331220691
2026-03-25,42.811339806625014
2026-03-26,41.1381139923304
2026-03-27,40.05645797154976
2026-03-28,40.01792038684465
2026-03-29,39.69580620780328
2026-03-30,39.94601065215618
2026-03-31,40.33021977700903
2026-04-01,40.18030669367094
2026-04-02,39.02522708253949
2026-04-03,39.359864288761266
2026-04-04,39.51511438692589
2026-04-05,39.855041374320635
2026-04-06,39.48469461233101
2026-04-07,41.261235297192336
2026-04-08,40.10901641936039
2026-04-09,40.32750265174527
2026-04-10,40.686357877235295
2026-04-11,40.674863127747926
2026-04-12,39.53239717013975
2026-04-13,41.214265246019075
2026-04-14,40.58931851680552
2026-04-15,41.34221194115562
2026-04-16,42.880670596561295
2026-04-17,43.138616641213225
2026-04-18,41.955024276378886
2026-04-19,40.90840678117171
2026-04-20,41.75340044024962
2026-04-21,42.06342045993243
2026-04-22,42.19754970963503
2026-04-23,42.25481233580071
2026-04-24,42.16686894081469
2026-04-25,41.938263241929214
2026-04-26,42.26140097566501
2026-04-27,41.58232542888201
2026-04-28,41.255372298264106
2026-04-29,40.94767865222962
2026-04-30,40.94820108831653
2026-05-01,41.22654705390453
2026-05-02,41.458587440635085
2026-05-03,41.37208590814246
2026-05-04,41.66765623188195
2026-05-05,42.6528219390075
2026-05-06,43.6472321271286
2026-05-07,42.995976126531424
2026-05-08,44.197951210042156
2026-05-09,44.260000219397114
2026-05-10,45.698108128764794
2026-05-11,45.715637033806175
2026-05-12,44.70529979340313
2026-05-13,44.2748852828802
2026-05-14,45.09017604662935
2026-05-15,43.90557466596127
2026-05-16,42.943679485338755
2026-05-17,42.480175608288256
2026-05-18,42.28325289230372
2026-05-19,41.74748744005949
2026-05-20,42.29691112071646
2026-05-21,42.877665593289414
2026-05-22,41.773471587046544
2026-05-23,42.40284444689139
2026-05-24,42.12910912717627
2026-05-25,42.48572500546739
2026-05-26,41.92616007309917
2026-05-27,41.30735448041914
2026-05-28,40.9246945155939
2026-05-29,41.19264138347884
2026-05-30,42.51155363322451
2026-05-31,42.43658978878117
2026-06-01,41.72157793557803
2026-06-02,38.92372614965483
2026-06-03,38.0117009536119
2026-06-04,36.60361038440479
2026-06-05,34.14777428364778
2026-06-06,34.083712591796285
2026-06-07,35.804072075636064
2026-06-08,35.85741815592947
2026-06-09,35.13572982581059
2026-06-10,34.226202730549296
2026-06-11,35.55466075533917
2026-06-12,35.36768383900355
2026-06-13,36.01525278477216
2026-06-14,36.852873202593855
2026-06-15,37.65516344416695
2026-06-16,37.202062599685846
2026-06-17,36.70336293265405
2026-06-18,35.66185861460799
2026-06-19,35.160951964027305
