,MKT_EXBTCETH
2022-01-01,100.0
2022-01-02,100.29024103260507
2022-01-03,99.10379960637515
2022-01-04,98.12387978606769
2022-01-05,91.82448350254984
2022-01-06,91.7714516627045
2022-01-07,86.63185463092364
2022-01-08,84.92397837756333
2022-01-09,86.35666873553144
2022-01-10,83.9003030429598
2022-01-11,88.13841826826422
2022-01-12,93.40583276430992
2022-01-13,89.64156200817517
2022-01-14,92.23877790077849
2022-01-15,92.56180559629507
2022-01-16,93.86271493816596
2022-01-17,90.59840016928177
2022-01-18,88.80846623125905
2022-01-19,85.06063322055648
2022-01-20,81.26428566933572
2022-01-21,71.17105801463481
2022-01-22,64.38611595070265
2022-01-23,67.97624252338503
2022-01-24,64.9131609684812
2022-01-25,66.19678904005536
2022-01-26,65.37958275280181
2022-01-27,64.58840245279167
2022-01-28,65.489246849729
2022-01-29,67.09884841630851
2022-01-30,65.14508569224041
2022-01-31,67.12391466804213
2022-02-01,69.42441438154127
2022-02-02,65.82892914584315
2022-02-03,66.87054103600858
2022-02-04,72.68884801056453
2022-02-05,73.44835672077302
2022-02-06,75.65302100378378
2022-02-07,80.10843847077665
2022-02-08,78.54415777356212
2022-02-09,79.90201316559951
2022-02-10,76.31468082525521
2022-02-11,70.81764258631047
2022-02-12,71.27214313730738
2022-02-13,70.02642672680307
2022-02-14,71.06127365090163
2022-02-15,76.47473456629814
2022-02-16,75.51652934481223
2022-02-17,69.82183388925436
2022-02-18,68.63068284240433
2022-02-19,69.32783735022248
2022-02-20,65.85811815559963
2022-02-21,60.89647337328499
2022-02-22,63.47301559669114
2022-02-23,61.83826881088316
2022-02-24,62.18197809266801
2022-02-25,65.56817521327014
2022-02-26,65.57387982403857
2022-02-27,62.7372230106853
2022-02-28,69.87310904603007
2022-03-01,70.5177882668934
2022-03-02,69.64326149994471
2022-03-03,67.81691974093239
2022-03-04,63.301172621706755
2022-03-05,64.86400125409132
2022-03-06,62.055882387219356
2022-03-07,60.87479075108754
2022-03-08,61.595173321102884
2022-03-09,65.17968286226326
2022-03-10,62.00756854622358
2022-03-11,61.75183193064796
2022-03-12,61.84288348614538
2022-03-13,59.86964346852625
2022-03-14,61.42588692291406
2022-03-15,61.47761753686486
2022-03-16,64.51775225910514
2022-03-17,64.86582556855683
2022-03-18,66.43575591963673
2022-03-19,68.49273512431019
2022-03-20,66.43926853355644
2022-03-21,67.57110442018931
2022-03-22,69.39856212752173
2022-03-23,72.02492335021692
2022-03-24,74.201210355097
2022-03-25,72.06492414625993
2022-03-26,73.88500325391746
2022-03-27,77.90044222763608
2022-03-28,77.33747532795984
2022-03-29,79.63883655590534
2022-03-30,81.31111043715255
2022-03-31,79.1510471286964
2022-04-01,82.17659492027148
2022-04-02,81.3336867748029
2022-04-03,84.15383616449927
2022-04-04,82.82080343676711
2022-04-05,80.78024272917445
2022-04-06,73.22611076914704
2022-04-07,76.40844998167628
2022-04-08,72.78761399110803
2022-04-09,74.08620740954531
2022-04-10,72.29477461937219
2022-04-11,66.19951181181965
2022-04-12,68.8625815911508
2022-04-13,70.4234608895243
2022-04-14,68.6431734736166
2022-04-15,69.97307985148478
2022-04-16,70.4253111719651
2022-04-17,67.97360854393969
2022-04-18,69.5718657950198
2022-04-19,71.6114490459932
2022-04-20,70.16929929625971
2022-04-21,67.80375328233468
2022-04-22,67.46338485383635
2022-04-23,66.80673037968015
2022-04-24,65.91970966537455
2022-04-25,66.81770402092965
2022-04-26,62.17678662321491
2022-04-27,63.471292081379616
2022-04-28,63.37692064232677
2022-04-29,60.43816153652387
2022-04-30,55.64458964047394
2022-05-01,58.42843362299639
2022-05-02,57.92324520487555
2022-05-03,57.338245418440536
2022-05-04,62.61267770784362
2022-05-05,56.76681345050434
2022-05-06,56.32256945892414
2022-05-07,54.498580676756205
2022-05-08,53.05222976393317
2022-05-09,43.71833918246063
2022-05-10,46.516168752446276
2022-05-11,36.907013381508
2022-05-12,34.681342852475794
2022-05-13,38.04456195261673
2022-05-14,39.15141883792357
2022-05-15,41.92310136506791
2022-05-16,38.80433648639668
2022-05-17,40.52749105403626
2022-05-18,36.4478316892835
2022-05-19,38.31936436231236
2022-05-20,37.033589658439446
2022-05-21,37.923473997790104
2022-05-22,39.044455811062775
2022-05-23,37.59264213649686
2022-05-24,38.357591747270526
2022-05-25,37.612203071203695
2022-05-26,34.860911477862786
2022-05-27,33.95952418798755
2022-05-28,35.110128289051254
2022-05-29,35.739606574543444
2022-05-30,38.512224924481245
2022-05-31,38.53840050445766
2022-06-01,35.33540708982264
2022-06-02,36.66710241506389
2022-06-03,34.97751486581755
2022-06-04,35.482854971520936
2022-06-05,35.22451520300443
2022-06-06,36.4656867922737
2022-06-07,35.5351790833886
2022-06-08,35.11245543965416
2022-06-09,35.35229970663431
2022-06-10,33.29640911389541
2022-06-11,31.031271302154305
2022-06-12,28.595868548789966
2022-06-13,26.04924803987847
2022-06-14,26.58871613229621
2022-06-15,29.246711753112887
2022-06-16,25.8615971707272
2022-06-17,26.506432754398716
2022-06-18,25.27423713366722
2022-06-19,27.2702504165175
2022-06-20,27.696739892313925
2022-06-21,28.462879837033366
2022-06-22,27.250289193160814
2022-06-23,29.13161619545966
2022-06-24,30.892018106457975
2022-06-25,31.21974529749838
2022-06-26,30.054894326008924
2022-06-27,29.752700831174504
2022-06-28,28.14697433565548
2022-06-29,27.730046641154626
2022-06-30,27.533942680244444
2022-07-01,26.862672398301253
2022-07-02,27.080843281570978
2022-07-03,27.222775309591512
2022-07-04,28.59177552550601
2022-07-05,28.032811397532303
2022-07-06,28.725569401286815
2022-07-07,29.801970893982954
2022-07-08,29.454728642891276
2022-07-09,29.993643846234892
2022-07-10,28.757797717572426
2022-07-11,27.022176834287414
2022-07-12,26.37528230682797
2022-07-13,27.77582449077098
2022-07-14,28.800646362554076
2022-07-15,28.844122846291718
2022-07-16,30.25188687863865
2022-07-17,29.738102442806646
2022-07-18,32.5183682960512
2022-07-19,33.36336899239563
2022-07-20,31.88151460263559
2022-07-21,32.72425268655121
2022-07-22,31.68878877396168
2022-07-23,31.834802558302645
2022-07-24,32.11941354051464
2022-07-25,29.512633606638612
2022-07-26,29.639454907034274
2022-07-27,32.600145221317604
2022-07-28,34.20461841834217
2022-07-29,34.73391512989911
2022-07-30,35.231202210697106
2022-07-31,34.82290823013992
2022-08-01,34.42156423122938
2022-08-02,33.6557365453804
2022-08-03,34.06375661056197
2022-08-04,34.49885255462328
2022-08-05,35.92335651612238
2022-08-06,35.75458324300879
2022-08-07,36.30656881634071
2022-08-08,37.091230841344085
2022-08-09,35.886034319088395
2022-08-10,37.47500410694571
2022-08-11,37.19064074538315
2022-08-12,38.15317996392876
2022-08-13,38.070729609024575
2022-08-14,37.86662684772597
2022-08-15,37.189457026569386
2022-08-16,37.18134814450029
2022-08-17,35.82180885942808
2022-08-18,34.42634790359294
2022-08-19,31.39935803770097
2022-08-20,31.3723422524714
2022-08-21,32.43610505704864
2022-08-22,32.14780930882689
2022-08-23,32.65194310805114
2022-08-24,32.29850571055237
2022-08-25,32.701612503846675
2022-08-26,30.058177737236345
2022-08-27,30.070003941443197
2022-08-28,29.178251297216377
2022-08-29,30.676733290705588
2022-08-30,30.113688131795946
2022-08-31,30.05582740905514
2022-09-01,30.47393605602766
2022-09-02,30.359210162963485
2022-09-03,30.596571234927872
2022-09-04,31.11887698712486
2022-09-05,31.236602598693096
2022-09-06,29.303672069393755
2022-09-07,30.821316830600043
2022-09-08,31.25955924710003
2022-09-09,32.965777498156555
2022-09-10,33.267478506105505
2022-09-11,33.12169838261363
2022-09-12,33.38516546594402
2022-09-13,30.628908938439153
2022-09-14,31.328360903836703
2022-09-15,30.265390141760744
2022-09-16,30.72715017161791
2022-09-17,31.627592736259718
2022-09-18,29.266273608714943
2022-09-19,30.146510237671293
2022-09-20,29.70425379374818
2022-09-21,29.03984524763014
2022-09-22,31.276692899675783
2022-09-23,31.92709518859067
2022-09-24,31.352056866760687
2022-09-25,31.11808458114971
2022-09-26,31.287403768544454
2022-09-27,30.67140334644239
2022-09-28,30.861627155368065
2022-09-29,31.475784641591353
2022-09-30,31.268839239157302
2022-10-01,30.93442586700266
2022-10-02,30.263629399136278
2022-10-03,30.974312471016823
2022-10-04,31.91973282538446
2022-10-05,31.888474351955225
2022-10-06,31.507287322582396
2022-10-07,31.484684754420407
2022-10-08,31.165203290945165
2022-10-09,31.549946854176287
2022-10-10,30.112852660471972
2022-10-11,29.660251179617564
2022-10-12,29.631863455940426
2022-10-13,29.300681977687283
2022-10-14,29.18470712719698
2022-10-15,28.918602957701527
2022-10-16,29.26388292989629
2022-10-17,29.80324127209074
2022-10-18,29.265986286757016
2022-10-19,28.4816154905293
2022-10-20,28.103515680085344
2022-10-21,28.485395618969893
2022-10-22,28.793063278482233
2022-10-23,29.550812069234144
2022-10-24,28.908868516974724
2022-10-25,30.233396260147334
2022-10-26,31.0315092054783
2022-10-27,30.57257416271727
2022-10-28,31.725996473137997
2022-10-29,33.121716278375416
2022-10-30,32.827548675187366
2022-10-31,33.44636012874831
2022-11-01,33.55878393693628
2022-11-02,32.37651200404692
2022-11-03,32.8295358928602
2022-11-04,35.562272666256675
2022-11-05,35.712426270916964
2022-11-06,33.71611432828496
2022-11-07,33.39388357826634
2022-11-08,29.39890658666261
2022-11-09,23.72291972150595
2022-11-10,27.78584127365557
2022-11-11,26.75669648117372
2022-11-12,25.562100398099975
2022-11-13,24.62771978755135
2022-11-14,25.30203028126613
2022-11-15,25.673558418548375
2022-11-16,25.112749789000276
2022-11-17,24.934240286008794
2022-11-18,25.11426562147156
2022-11-19,25.080401392012984
2022-11-20,23.728204207839966
2022-11-21,23.255574927451
2022-11-22,24.25746278276044
2022-11-23,25.7541628700928
2022-11-24,25.975572944064616
2022-11-25,26.02754494072586
2022-11-26,26.209291538608113
2022-11-27,26.30793084502192
2022-11-28,25.557381205834655
2022-11-29,26.043601300509323
2022-11-30,26.928657483050543
2022-12-01,26.327031549667534
2022-12-02,26.67426031613101
2022-12-03,26.152497997503986
2022-12-04,26.583599875819132
2022-12-05,26.392890246256783
2022-12-06,26.456732765119977
2022-12-07,25.630587396684202
2022-12-08,26.19108817140601
2022-12-09,25.89993382107939
2022-12-10,25.906083813939013
2022-12-11,25.404178415430508
2022-12-12,25.18985591815778
2022-12-13,25.595588228182535
2022-12-14,25.180440848734882
2022-12-15,24.564402063228755
2022-12-16,22.047628814489904
2022-12-17,22.593424536494343
2022-12-18,22.619736831039567
2022-12-19,21.635340348885205
2022-12-20,22.468366618404247
2022-12-21,22.162014283296653
2022-12-22,22.312566891480607
2022-12-23,22.306970020775076
2022-12-24,22.1910995374322
2022-12-25,22.100453917195765
2022-12-26,22.453817260181367
2022-12-27,22.30648312984058
2022-12-28,21.556769690474137
2022-12-29,21.473261910364556
2022-12-30,21.48428960842373
2022-12-31,21.514243670881907
2023-01-01,21.613786443945347
2023-01-02,22.138806439325624
2023-01-03,22.341055688841603
2023-01-04,23.122666628873784
2023-01-05,22.78752832477276
2023-01-06,23.1959087030669
2023-01-07,23.15309326504116
2023-01-08,24.10413906913104
2023-01-09,24.820849335492504
2023-01-10,25.182670339286783
2023-01-11,26.031417938821743
2023-01-12,26.619228239962677
2023-01-13,27.703649055611606
2023-01-14,29.548016638462858
2023-01-15,29.247270744353226
2023-01-16,29.08787971712503
2023-01-17,28.951723941473034
2023-01-18,27.648505049495498
2023-01-19,28.50898549605082
2023-01-20,31.00913122954066
2023-01-21,30.65254140456215
2023-01-22,31.175388698238038
2023-01-23,31.5973860045177
2023-01-24,30.211670127588448
2023-01-25,32.19617240625256
2023-01-26,32.064572728245125
2023-01-27,32.67136536038034
2023-01-28,32.2602656962872
2023-01-29,33.424128424137564
2023-01-30,31.665616669633344
2023-01-31,32.26210090512315
2023-02-01,33.522964014110244
2023-02-02,33.34310885468653
2023-02-03,34.107886148447285
2023-02-04,34.01489214618485
2023-02-05,33.0938251825551
2023-02-06,32.38524004944284
2023-02-07,33.87622671979554
2023-02-08,33.18668951555767
2023-02-09,30.43799384191064
2023-02-10,30.4893637029103
2023-02-11,31.057996197138714
2023-02-12,30.740997284618647
2023-02-13,30.126608250454478
2023-02-14,31.12144323999264
2023-02-15,33.43991784555813
2023-02-16,31.623244625239515
2023-02-17,33.309839797806454
2023-02-18,33.490942190241455
2023-02-19,33.50090890001828
2023-02-20,34.22587406909032
2023-02-21,33.25123716608987
2023-02-22,33.14838595804934
2023-02-23,32.80115921677943
2023-02-24,31.54918393672051
2023-02-25,31.108058234806744
2023-02-26,31.836093670931703
2023-02-27,31.36827986674505
2023-02-28,30.605037896861877
2023-03-01,31.552477842474307
2023-03-02,30.88696530395849
2023-03-03,29.676762178030998
2023-03-04,29.10851757250077
2023-03-05,29.11122155702958
2023-03-06,29.074673862930034
2023-03-07,28.929866693384103
2023-03-08,27.98420706186559
2023-03-09,26.785176148596523
2023-03-10,26.85952660819802
2023-03-11,26.43738211098864
2023-03-12,28.440258716355732
2023-03-13,29.620752461450174
2023-03-14,30.310447374465614
2023-03-15,28.567863980183812
2023-03-16,29.463628811896292
2023-03-17,31.346057412837318
2023-03-18,30.34116073655515
2023-03-19,31.041717082396453
2023-03-20,29.92953112950837
2023-03-21,31.833678750441337
2023-03-22,30.449707786203216
2023-03-23,31.578580654499184
2023-03-24,30.318483321338125
2023-03-25,30.11325978238059
2023-03-26,30.689061466144995
2023-03-27,29.772096887743587
2023-03-28,30.652869580948362
2023-03-29,31.558546081902865
2023-03-30,31.342695870247045
2023-03-31,32.00782824344524
2023-04-01,31.766526645659837
2023-04-02,31.389736954283627
2023-04-03,31.38929963393924
2023-04-04,31.760314853105776
2023-04-05,31.923628697405675
2023-04-06,31.426928316573
2023-04-07,31.280795258138234
2023-04-08,31.001320557495106
2023-04-09,31.2648886411233
2023-04-10,32.02614419415754
2023-04-11,32.33405783425252
2023-04-12,32.15925557922448
2023-04-13,33.19746731158753
2023-04-14,34.14115215857164
2023-04-15,34.28622645027769
2023-04-16,35.02360161684287
2023-04-17,34.30722600435416
2023-04-18,35.184480003512824
2023-04-19,32.45335204602862
2023-04-20,31.6290389917129
2023-04-21,30.48165560771362
2023-04-22,31.294780304684917
2023-04-23,30.79065830805336
2023-04-24,30.70789471569542
2023-04-25,31.365113090442335
2023-04-26,30.776393133920493
2023-04-27,31.343309352487065
2023-04-28,31.36310736965141
2023-04-29,31.521553175011725
2023-04-30,31.347762856391075
2023-05-01,30.582119470910072
2023-05-02,30.61718413931707
2023-05-03,30.863603190058125
2023-05-04,30.389229304263555
2023-05-05,30.91709801050641
2023-05-06,29.823899935383043
2023-05-07,29.571247964315727
2023-05-08,28.15070258946632
2023-05-09,28.202513710790406
2023-05-10,28.526854392135753
2023-05-11,27.607096799267534
2023-05-12,28.190105412615583
2023-05-13,28.006100114191206
2023-05-14,28.233346368217223
2023-05-15,28.372384826346703
2023-05-16,28.459182981705112
2023-05-17,28.992969392110744
2023-05-18,28.54587904934186
2023-05-19,28.59563115521613
2023-05-20,28.668781123922134
2023-05-21,28.10092188905487
2023-05-22,28.312695415331657
2023-05-23,28.66211698652038
2023-05-24,27.761260012588252
2023-05-25,27.694082998277008
2023-05-26,28.009599511442545
2023-05-27,28.38345589188424
2023-05-28,29.138328874544015
2023-05-29,28.95789620680099
2023-05-30,29.19353542136074
2023-05-31,28.694413629475697
2023-06-01,28.422021911727995
2023-06-02,29.250834958198187
2023-06-03,29.151155317111794
2023-06-04,29.320376689973692
2023-06-05,27.184599474857755
2023-06-06,27.93958644282648
2023-06-07,26.42155158683725
2023-06-08,26.558773707997947
2023-06-09,26.239096322229422
2023-06-10,23.672903791693294
2023-06-11,23.726303418065147
2023-06-12,23.772780750133933
2023-06-13,24.128843088376737
2023-06-14,23.18830144238001
2023-06-15,23.260540273379938
2023-06-16,23.5242494939897
2023-06-17,23.93069728218421
2023-06-18,23.79159273456766
2023-06-19,24.024734346140857
2023-06-20,24.656961234475506
2023-06-21,25.497255513336945
2023-06-22,25.152382885445395
2023-06-23,26.0482510468931
2023-06-24,25.555745622227843
2023-06-25,25.874577575744972
2023-06-26,25.453856580381228
2023-06-27,25.861054180131323
2023-06-28,24.64984069105636
2023-06-29,25.327898517232576
2023-06-30,26.550210752664054
2023-07-01,26.872901589046688
2023-07-02,27.09892760029131
2023-07-03,27.261898913337063
2023-07-04,26.861458349188013
2023-07-05,26.32745324072304
2023-07-06,25.610701470650383
2023-07-07,26.261124764110267
2023-07-08,26.39330247309571
2023-07-09,26.133260366579858
2023-07-10,26.479351610536717
2023-07-11,26.62674051527027
2023-07-12,26.424189931025694
2023-07-13,31.678776508510087
2023-07-14,30.244013791194913
2023-07-15,30.41740683489123
2023-07-16,30.17675363013201
2023-07-17,30.235301204869085
2023-07-18,30.12158898076312
2023-07-19,30.846459523583427
2023-07-20,30.79139121268933
2023-07-21,30.66537930038854
2023-07-22,29.98560167214984
2023-07-23,30.262525023179553
2023-07-24,29.155247590847903
2023-07-25,29.26777172359179
2023-07-26,29.67202392433834
2023-07-27,29.715682023328448
2023-07-28,29.763100550395354
2023-07-29,30.01722171236858
2023-07-30,29.705739299093963
2023-07-31,29.36993226976864
2023-08-01,29.76353114734521
2023-08-02,28.734777529743887
2023-08-03,28.281991364259433
2023-08-04,28.08632471891233
2023-08-05,28.208745364546267
2023-08-06,28.152460421009877
2023-08-07,28.12690872591878
2023-08-08,28.692729906144464
2023-08-09,28.80662232031097
2023-08-10,28.578478636788606
2023-08-11,28.51533541670631
2023-08-12,28.560399272564897
2023-08-13,28.27266915754718
2023-08-14,28.5402418437115
2023-08-15,27.543400390243733
2023-08-16,26.424480808405583
2023-08-17,24.18600188019134
2023-08-18,24.42265009677822
2023-08-19,24.840150782949003
2023-08-20,25.053039979055097
2023-08-21,24.46997093467987
2023-08-22,24.273609780711826
2023-08-23,24.98405729844877
2023-08-24,24.600805403674723
2023-08-25,24.4440217882329
2023-08-26,24.366930361776117
2023-08-27,24.520612851959516
2023-08-28,24.50083829702574
2023-08-29,25.42091785171563
2023-08-30,24.770046386545264
2023-08-31,23.88097017113266
2023-09-01,23.47963199053607
2023-09-02,23.576354699738058
2023-09-03,23.629950061579493
2023-09-04,23.67684630888269
2023-09-05,23.77510305463257
2023-09-06,23.762574519878427
2023-09-07,23.943682641147632
2023-09-08,23.725849486078033
2023-09-09,23.652338374278813
2023-09-10,23.08263968797963
2023-09-11,22.303935885847828
2023-09-12,22.658262292229008
2023-09-13,22.925575734659752
2023-09-14,23.236760181058756
2023-09-15,23.61333290214665
2023-09-16,23.62213930739003
2023-09-17,23.277795425950604
2023-09-18,23.68445245097223
2023-09-19,24.04825010647907
2023-09-20,23.985137795773248
2023-09-21,23.363029930576744
2023-09-22,23.49467605437332
2023-09-23,23.504265864821697
2023-09-24,23.223056754219396
2023-09-25,23.485536022434047
2023-09-26,23.404923489143343
2023-09-27,23.443222446466073
2023-09-28,24.026583627164666
2023-09-29,24.26408744639266
2023-09-30,24.4130644093095
2023-10-01,25.26037149087412
2023-10-02,24.564631580661594
2023-10-03,24.670741754411935
2023-10-04,24.554162922377646
2023-10-05,24.231937914414896
2023-10-06,24.57960703447268
2023-10-07,24.431313752299076
2023-10-08,24.274022728067475
2023-10-09,23.43864468434983
2023-10-10,23.38425886224438
2023-10-11,23.172156855633823
2023-10-12,22.86878431233722
2023-10-13,23.067392261599192
2023-10-14,23.16519484466125
2023-10-15,23.274362260101302
2023-10-16,23.891813873829253
2023-10-17,23.458007277641084
2023-10-18,23.270707754877893
2023-10-19,23.762698032832244
2023-10-20,24.24994038050877
2023-10-21,25.109424792165864
2023-10-22,25.56283894902489
2023-10-23,27.062494432128297
2023-10-24,26.82029378445759
2023-10-25,27.272547991940492
2023-10-26,27.36850345955308
2023-10-27,26.954848604997466
2023-10-28,27.223877252545126
2023-10-29,27.71630406046072
2023-10-30,28.376679048599907
2023-10-31,28.756201081204953
2023-11-01,29.734987348984387
2023-11-02,29.448470413731986
2023-11-03,29.51303926887195
2023-11-04,30.231190811002556
2023-11-05,30.970818207933164
2023-11-06,32.5329493783516
2023-11-07,31.79824241088094
2023-11-08,32.36343478257599
2023-11-09,32.651800538452065
2023-11-10,34.34848874908257
2023-11-11,34.77669395224303
2023-11-12,34.993617864121944
2023-11-13,33.42580561710282
2023-11-14,33.26742580802862
2023-11-15,35.706092290901864
2023-11-16,33.95278701799458
2023-11-17,34.130197237890556
2023-11-18,33.93499503079099
2023-11-19,34.83552685856113
2023-11-20,33.93966552563678
2023-11-21,31.281156680088333
2023-11-22,33.553824797255736
2023-11-23,33.607029619267195
2023-11-24,33.88227548032843
2023-11-25,34.52252327661127
2023-11-26,34.09192264611781
2023-11-27,33.13148335581293
2023-11-28,33.774060137915
2023-11-29,33.73445155151597
2023-11-30,33.828531975633126
2023-12-01,34.24813498904107
2023-12-02,35.277764694425905
2023-12-03,35.101159987920234
2023-12-04,35.671914023368764
2023-12-05,35.986213642438656
2023-12-06,36.251141546898644
2023-12-07,37.61419207452501
2023-12-08,40.26152227179365
2023-12-09,40.00825212261163
2023-12-10,41.10612989357005
2023-12-11,39.07656974224739
2023-12-12,39.807255851193105
2023-12-13,40.8659880456561
2023-12-14,41.56035381744847
2023-12-15,39.936912690418005
2023-12-16,41.131409472266604
2023-12-17,39.85727688898144
2023-12-18,40.57989656301972
2023-12-19,40.08916851713483
2023-12-20,42.02745105016911
2023-12-21,44.89799832424009
2023-12-22,45.8346417578917
2023-12-23,47.126001855555444
2023-12-24,47.118155518327775
2023-12-25,49.19504930238709
2023-12-26,48.05775045044287
2023-12-27,48.778481882340046
2023-12-28,47.535273484456184
2023-12-29,47.474625502732124
2023-12-30,47.09476478268401
2023-12-31,46.926378694816236
2024-01-01,49.20927950217179
2024-01-02,48.43042364728314
2024-01-03,45.4746421187009
2024-01-04,47.1177431439348
2024-01-05,45.48802739015061
2024-01-06,43.60046844810664
2024-01-07,42.04315021566548
2024-01-08,44.76207588550348
2024-01-09,44.01866771149681
2024-01-10,46.83246736390255
2024-01-11,47.357249614609934
2024-01-12,44.868358372199125
2024-01-13,45.81186280488172
2024-01-14,44.66181683265031
2024-01-15,45.4424994698231
2024-01-16,45.819438003949166
2024-01-17,45.797984005779064
2024-01-18,43.653318117405995
2024-01-19,43.626122861560376
2024-01-20,43.8863823907898
2024-01-21,43.279020957018815
2024-01-22,40.931102500690955
2024-01-23,40.73656775707505
2024-01-24,41.41155352245299
2024-01-25,40.87412670288118
2024-01-26,42.7974859170397
2024-01-27,43.22305869867472
2024-01-28,43.29155591084885
2024-01-29,44.94946492161808
2024-01-30,44.30492365962166
2024-01-31,42.908182253183874
2024-02-01,43.527301440967605
2024-02-02,44.370254917795286
2024-02-03,43.93197622715866
2024-02-04,43.312712328748994
2024-02-05,43.46767000585764
2024-02-06,43.71713754704601
2024-02-07,44.8403633054187
2024-02-08,45.315054571171025
2024-02-09,46.880448468846616
2024-02-10,47.261834027981934
2024-02-11,47.190276608831915
2024-02-12,48.571270106437815
2024-02-13,48.15928839039086
2024-02-14,49.867005076819915
2024-02-15,50.48980951401452
2024-02-16,49.92315051202031
2024-02-17,49.54910454041046
2024-02-18,50.37754551785041
2024-02-19,50.985932537430166
2024-02-20,50.13566214386492
2024-02-21,49.268993696319576
2024-02-22,48.77294331028252
2024-02-23,48.48817586458024
2024-02-24,49.785272804218735
2024-02-25,50.06050042001831
2024-02-26,51.8494728389324
2024-02-27,52.20780355858052
2024-02-28,54.50512783909157
2024-02-29,55.2453011718822
2024-03-01,57.84880997698396
2024-03-02,60.740131272034006
2024-03-03,60.543923429671665
2024-03-04,63.00615529504546
2024-03-05,59.268174843467534
2024-03-06,62.837038464594144
2024-03-07,65.2692094727378
2024-03-08,65.88873726526354
2024-03-09,66.3044629884451
2024-03-10,66.08838183588394
2024-03-11,69.6500160267376
2024-03-12,69.50404186335213
2024-03-13,72.78947762853257
2024-03-14,73.31427244377365
2024-03-15,72.5590535517315
2024-03-16,67.85683281563767
2024-03-17,71.70756707106942
2024-03-18,69.83445479381687
2024-03-19,63.13244799866469
2024-03-20,69.35908269080696
2024-03-21,67.9564792600153
2024-03-22,66.82951779115999
2024-03-23,66.92833332214224
2024-03-24,70.03030884794893
2024-03-25,72.14258263936637
2024-03-26,72.80198504693638
2024-03-27,71.70292126114057
2024-03-28,73.2882431337841
2024-03-29,74.00638574838776
2024-03-30,73.11623378911086
2024-03-31,75.53448446921097
2024-04-01,71.908754534435
2024-04-02,67.68610353893953
2024-04-03,67.39655566897001
2024-04-04,68.70149641868757
2024-04-05,66.85297260976152
2024-04-06,68.39180658993772
2024-04-07,69.21381892377954
2024-04-08,70.57135615342553
2024-04-09,67.67360235267962
2024-04-10,68.15745066086038
2024-04-11,67.27763081748937
2024-04-12,60.262791878303304
2024-04-13,53.99163489486858
2024-04-14,57.594784320960414
2024-04-15,55.19133953922278
2024-04-16,54.62428973120193
2024-04-17,53.33152800676276
2024-04-18,55.61924184382524
2024-04-19,55.95948175093076
2024-04-20,59.487362271409694
2024-04-21,58.95503622151923
2024-04-22,61.41663605551082
2024-04-23,60.94268360731879
2024-04-24,58.77917994464901
2024-04-25,58.51686186882888
2024-04-26,57.241650087608534
2024-04-27,57.50163211121955
2024-04-28,56.90932742587279
2024-04-29,56.588749412277586
2024-04-30,53.6668192512053
2024-05-01,54.65155696291903
2024-05-02,55.23300058984106
2024-05-03,57.64023291862773
2024-05-04,58.25442667160288
2024-05-05,58.54311492002253
2024-05-06,58.83803282314498
2024-05-07,57.262385829612874
2024-05-08,56.3955303425641
2024-05-09,58.459640244459464
2024-05-10,56.37758101458247
2024-05-11,56.289589840147315
2024-05-12,56.02571761436923
2024-05-13,56.59748074953785
2024-05-14,54.910897739874365
2024-05-15,58.74945989530048
2024-05-16,58.44508541502837
2024-05-17,60.70241525810487
2024-05-18,60.92508619025641
2024-05-19,59.674506180846876
2024-05-20,64.78888271616663
2024-05-21,64.43767113491398
2024-05-22,63.35492193486837
2024-05-23,62.42156332511478
2024-05-24,61.799067903763216
2024-05-25,62.56251119487097
2024-05-26,61.39823803688228
2024-05-27,62.997561358789824
2024-05-28,62.20617526359135
2024-05-29,61.5815226187835
2024-05-30,60.92158125426808
2024-05-31,60.637099252573115
2024-06-01,60.9380262341198
2024-06-02,60.17293168348572
2024-06-03,60.89626405499129
2024-06-04,63.415953275468176
2024-06-05,64.29203818765868
2024-06-06,63.645332851061085
2024-06-07,60.59785271719108
2024-06-08,59.3971710265273
2024-06-09,60.105049067428965
2024-06-10,58.485255474015894
2024-06-11,55.81721660229923
2024-06-12,57.95373353105872
2024-06-13,55.498324812788994
2024-06-14,54.41113155249811
2024-06-15,55.208029479137736
2024-06-16,56.08744905058335
2024-06-17,53.88585316988394
2024-06-18,51.52481891983754
2024-06-19,51.95820685499988
2024-06-20,51.54945241624589
2024-06-21,51.52060462291577
2024-06-22,51.34861896789804
2024-06-23,50.12928385572687
2024-06-24,50.27557687893746
2024-06-25,51.640283915008254
2024-06-26,51.14714876590132
2024-06-27,53.27888137176269
2024-06-28,51.466827614016765
2024-06-29,51.41804776047812
2024-06-30,52.97513624046406
2024-07-01,52.784180946144865
2024-07-02,53.87638775909793
2024-07-03,50.752278150443196
2024-07-04,46.368017655915224
2024-07-05,46.36711866777689
2024-07-06,49.491851051816695
2024-07-07,45.91610596673661
2024-07-08,47.890372997582624
2024-07-09,48.66991472809993
2024-07-10,49.06117254470416
2024-07-11,48.474482450703036
2024-07-12,49.81140249574382
2024-07-13,51.12759364090264
2024-07-14,52.301579371707305
2024-07-15,55.6386721980087
2024-07-16,55.876084286110874
2024-07-17,55.24895850219257
2024-07-18,54.815047687344844
2024-07-19,57.0876677506169
2024-07-20,57.94445592399137
2024-07-21,59.89790003386716
2024-07-22,58.1804548668555
2024-07-23,56.82018257551885
2024-07-24,56.72715332840866
2024-07-25,55.42015579248506
2024-07-26,57.74212464775205
2024-07-27,57.687199172918035
2024-07-28,57.52747573474068
2024-07-29,57.04099893239466
2024-07-30,56.68438918043459
2024-07-31,55.0848323194731
2024-08-01,54.29688077375627
2024-08-02,50.44794782029862
2024-08-03,48.625546493649644
2024-08-04,46.272622309932125
2024-08-05,42.977198541301846
2024-08-06,45.80645533025032
2024-08-07,46.035150915543674
2024-08-08,50.76532743064849
2024-08-09,49.49891977894354
2024-08-10,49.76820104145276
2024-08-11,46.8481005449381
2024-08-12,48.600510915489046
2024-08-13,48.95405886740568
2024-08-14,48.39719966568033
2024-08-15,47.526281547028034
2024-08-16,47.29513860439754
2024-08-17,48.19555572330876
2024-08-18,47.9899356262013
2024-08-19,49.34101970701156
2024-08-20,49.649594007410656
2024-08-21,50.418665383730975
2024-08-22,50.934647080574024
2024-08-23,53.45179602670104
2024-08-24,53.918213628903686
2024-08-25,53.16034289359337
2024-08-26,51.330902558401604
2024-08-27,48.948003717037324
2024-08-28,48.704088341135325
2024-08-29,48.22429972200171
2024-08-30,48.10145208841268
2024-08-31,47.576408249868145
2024-09-01,45.49165320763052
2024-09-02,47.14788201176226
2024-09-03,45.38287138609661
2024-09-04,46.0210247878377
2024-09-05,45.17819511431773
2024-09-06,43.74890831379622
2024-09-07,44.582744081038136
2024-09-08,45.534708259438155
2024-09-09,47.17795271913043
2024-09-10,47.499291800636634
2024-09-11,47.1575878052876
2024-09-12,48.35635357945469
2024-09-13,49.39085231433789
2024-09-14,49.11687205984043
2024-09-15,47.74692070787279
2024-09-16,47.13005572171263
2024-09-17,47.68216001846057
2024-09-18,48.765983602123
2024-09-19,50.32111641137285
2024-09-20,51.0532769277398
2024-09-21,52.35475915650552
2024-09-22,51.44269550782978
2024-09-23,52.110560796052184
2024-09-24,53.5850665109824
2024-09-25,52.48836142123312
2024-09-26,54.59546138998792
2024-09-27,55.76539157733843
2024-09-28,55.590894189663146
2024-09-29,55.7170050992586
2024-09-30,53.232546491778876
2024-10-01,50.69178908763874
2024-10-02,49.32242533069375
2024-10-03,48.879129587377115
2024-10-04,50.573555307095354
2024-10-05,50.35054511038395
2024-10-06,51.40676170867084
2024-10-07,50.77857170705163
2024-10-08,50.94917634663108
2024-10-09,49.794273134966474
2024-10-10,49.71373444448876
2024-10-11,51.33576525637731
2024-10-12,52.01678342023508
2024-10-13,51.873254301362024
2024-10-14,54.09669377531133
2024-10-15,53.564703826665635
2024-10-16,53.68998804112266
2024-10-17,52.86008748793471
2024-10-18,54.01748211558194
2024-10-19,54.504640296376984
2024-10-20,55.944625225807854
2024-10-21,55.10364136023904
2024-10-22,54.9504084133452
2024-10-23,54.5767528303336
2024-10-24,55.68913663026761
2024-10-25,52.30627264993816
2024-10-26,53.52291456139774
2024-10-27,54.514511749925475
2024-10-28,55.49701681558534
2024-10-29,56.878536195825966
2024-10-30,55.938172548320466
2024-10-31,53.87267953310708
2024-11-01,53.441460050505675
2024-11-02,52.998110209351246
2024-11-03,51.68499866768794
2024-11-04,50.81624555116072
2024-11-05,52.808591008998995
2024-11-06,57.84913516742246
2024-11-07,59.38171017964699
2024-11-08,60.39427356857806
2024-11-09,62.64981081168597
2024-11-10,66.83089445502235
2024-11-11,72.13509103506581
2024-11-12,70.88400902514668
2024-11-13,71.05864445986039
2024-11-14,69.93033050754138
2024-11-15,74.25340914227576
2024-11-16,77.49406305603469
2024-11-17,77.8347617971285
2024-11-18,80.12540486056552
2024-11-19,79.57407597309208
2024-11-20,78.49571158275097
2024-11-21,83.5736685926041
2024-11-22,89.15667831683452
2024-11-23,91.8740747108002
2024-11-24,91.55883264039988
2024-11-25,86.83035308038531
2024-11-26,85.96951897124734
2024-11-27,90.40162884529418
2024-11-28,90.75267393862883
2024-11-29,95.31830718123265
2024-11-30,96.30395658547083
2024-12-01,100.92782907181966
2024-12-02,105.67322242700303
2024-12-03,108.97614806334381
2024-12-04,107.16025611839733
2024-12-05,105.61825272844688
2024-12-06,110.02544941079519
2024-12-07,111.8983035405041
2024-12-08,112.13318844920757
2024-12-09,98.0027808954044
2024-12-10,98.2108202036657
2024-12-11,103.63097361781406
2024-12-12,104.46182625337596
2024-12-13,105.72852036933156
2024-12-14,102.8861914356532
2024-12-15,104.99912394099185
2024-12-16,103.57068742900157
2024-12-17,103.63459535052613
2024-12-18,95.07736178311262
2024-12-19,89.15251986106222
2024-12-20,91.15760580112416
2024-12-21,87.77510005551021
2024-12-22,86.89234356308069
2024-12-23,91.57041122516655
2024-12-24,94.07831543746461
2024-12-25,93.19834668329669
2024-12-26,88.25059966723529
2024-12-27,87.64967783577094
2024-12-28,90.66597547159205
2024-12-29,87.41976475529644
2024-12-30,87.34448607323768
2024-12-31,87.02250487762868
2025-01-01,91.70864146555769
2025-01-02,94.90795893871358
2025-01-03,99.88822490873488
2025-01-04,99.80540350734314
2025-01-05,99.01924260643192
2025-01-06,100.42364372079851
2025-01-07,92.90245785467118
2025-01-08,92.22955454243169
2025-01-09,88.34530880639734
2025-01-10,90.79778756019664
2025-01-11,93.4161634646876
2025-01-12,91.81161191802009
2025-01-13,90.46572503547358
2025-01-14,93.61043801471524
2025-01-15,102.84690702039588
2025-01-16,103.997737291321
2025-01-17,108.14781190661806
2025-01-18,109.70473310458135
2025-01-19,101.87078732763935
2025-01-20,102.74524784425165
2025-01-21,105.4396703394303
2025-01-22,105.13987537501275
2025-01-23,103.78723469661963
2025-01-24,103.08542729491859
2025-01-25,103.5972316009674
2025-01-26,99.58426862852232
2025-01-27,98.94647884293218
2025-01-28,95.99313598238795
2025-01-29,97.14913843551119
2025-01-30,100.47022673740169
2025-01-31,99.054341851013
2025-02-01,92.84514595150453
2025-02-02,84.50826832145029
2025-02-03,87.91213824944853
2025-02-04,82.51414656612158
2025-02-05,79.56934680069283
2025-02-06,77.50273341684924
2025-02-07,78.39271930498714
2025-02-08,80.34533080799898
2025-02-09,80.01728996752956
2025-02-10,81.43191128798117
2025-02-11,81.63588976390346
2025-02-12,84.34609646856978
2025-02-13,83.72386302824286
2025-02-14,86.18013999984441
2025-02-15,85.53903243164125
2025-02-16,84.27215852814962
2025-02-17,82.63383204193914
2025-02-18,79.55393019939855
2025-02-19,81.70836034890114
2025-02-20,82.73577768256871
2025-02-21,79.5857513234768
2025-02-22,81.00364455206169
2025-02-23,80.34556964625533
2025-02-24,71.13712927159041
2025-02-25,72.125847751217
2025-02-26,69.7500896517502
2025-02-27,70.0015784246398
2025-02-28,70.11674262693738
2025-03-01,70.84690594440919
2025-03-02,85.6540805711449
2025-03-03,71.47832643870576
2025-03-04,72.88260352998304
2025-03-05,74.96378157924019
2025-03-06,74.83302338839212
2025-03-07,71.77083172929349
2025-03-08,70.50162534132895
2025-03-09,64.68706794743467
2025-03-10,60.95020817019798
2025-03-11,64.31007285395937
2025-03-12,65.85796240791258
2025-03-13,65.19576352765193
2025-03-14,67.95640547159621
2025-03-15,69.68628606171409
2025-03-16,66.57105860835237
2025-03-17,68.45543627328257
2025-03-18,67.62555998358556
2025-03-19,71.67358031292667
2025-03-20,69.5613759346894
2025-03-21,68.82547695551759
2025-03-22,68.75657489083851
2025-03-23,69.92930131046673
2025-03-24,71.97847001088165
2025-03-25,72.50612519614492
2025-03-26,70.87614687717674
2025-03-27,71.49897222407333
2025-03-28,67.65015555465669
2025-03-29,65.17860342546774
2025-03-30,65.02433020067157
2025-03-31,64.72485285597735
2025-04-01,66.15268520665508
2025-04-02,62.566291181538816
2025-04-03,63.02941518962714
2025-04-04,64.39733773234583
2025-04-05,63.86416855902047
2025-04-06,57.46589194412931
2025-04-07,57.74229540888249
2025-04-08,55.902771022498534
2025-04-09,62.13592741167589
2025-04-10,59.93528716296089
2025-04-11,62.09949827939888
2025-04-12,65.54928138314476
2025-04-13,63.97384530591118
2025-04-14,64.00707067738209
2025-04-15,62.50531189827123
2025-04-16,63.0107892538246
2025-04-17,63.688331142515494
2025-04-18,63.71927132526789
2025-04-19,64.88436553127171
2025-04-20,64.5965946186276
2025-04-21,64.78225462677908
2025-04-22,69.33887006381147
2025-04-23,69.86226285030082
2025-04-24,70.44501183781999
2025-04-25,70.21130382554985
2025-04-26,70.47173257813716
2025-04-27,70.14188140979144
2025-04-28,70.82249468897496
2025-04-29,69.6515145761759
2025-04-30,69.03596080702744
2025-05-01,70.1315893172589
2025-05-02,69.82614739051189
2025-05-03,68.78525446519531
2025-05-04,67.4431823327955
2025-05-05,67.5902590883208
2025-05-06,68.16581918383424
2025-05-07,67.91092118281729
2025-05-08,75.02985053156182
2025-05-09,77.3596986748043
2025-05-10,81.80899354962182
2025-05-11,78.91503686979391
2025-05-12,80.72592283646473
2025-05-13,82.75493781563375
2025-05-14,80.57076629686375
2025-05-15,77.20408342314033
2025-05-16,76.67605095123811
2025-05-17,75.51563408229363
2025-05-18,78.21366405125379
2025-05-19,76.4952186591195
2025-05-20,76.64454516938113
2025-05-21,78.46543249265368
2025-05-22,81.01993702469073
2025-05-23,76.6548432919804
2025-05-24,77.32082552528028
2025-05-25,77.57759392369522
2025-05-26,77.24640435946027
2025-05-27,77.99285716994423
2025-05-28,77.16199200844753
2025-05-29,75.31589188594955
2025-05-30,71.06429870208675
2025-05-31,71.52424213534051
2025-06-01,71.9650912329236
2025-06-02,72.3975356185104
2025-06-03,72.4813853487722
2025-06-04,71.41708659440002
2025-06-05,67.72325338879483
2025-06-06,69.64500537999889
2025-06-07,70.89792533313319
2025-06-08,71.8117739635449
2025-06-09,74.6471712233569
2025-06-10,76.00919808515945
2025-06-11,74.25027093752371
2025-06-12,71.04984868758994
2025-06-13,69.9003720244596
2025-06-14,68.76008235357261
2025-06-15,70.02397023337164
2025-06-16,70.41648912957136
2025-06-17,68.70844306353405
2025-06-18,68.64291131547458
2025-06-19,68.72593124222306
2025-06-20,66.76268367950205
2025-06-21,64.7897538605452
2025-06-22,63.107783633184745
2025-06-23,67.78628697273604
2025-06-24,68.53455053294336
2025-06-25,67.93406044868874
2025-06-26,66.284317483666
2025-06-27,67.27410501985302
2025-06-28,68.80705842791399
2025-06-29,70.11698466834456
2025-06-30,70.02871679965362
2025-07-01,67.60634443842169
2025-07-02,70.30675051070058
2025-07-03,70.88568323345254
2025-07-04,68.91246911134562
2025-07-05,69.09860677690166
2025-07-06,70.61266890578483
2025-07-07,70.0228575920429
2025-07-08,71.06741165425777
2025-07-09,73.6879987760982
2025-07-10,77.59860443977088
2025-07-11,79.65897249139098
2025-07-12,79.38308012557316
2025-07-13,81.38314795070345
2025-07-14,82.67990011916955
2025-07-15,83.07627847282953
2025-07-16,85.88025504087396
2025-07-17,91.26077708442915
2025-07-18,91.20136903425406
2025-07-19,91.87748289425835
2025-07-20,94.26162164784667
2025-07-21,96.7820840655263
2025-07-22,98.29833598220613
2025-07-23,90.74668766643836
2025-07-24,89.29775328853212
2025-07-25,90.79703436066875
2025-07-26,91.41377250563144
2025-07-27,94.13573494785359
2025-07-28,90.61845038159566
2025-07-29,89.99726622978875
2025-07-30,88.59370363672957
2025-07-31,86.23856740377059
2025-08-01,83.4022765900673
2025-08-02,80.28226954235998
2025-08-03,83.47724408187469
2025-08-04,86.7322049874487
2025-08-05,83.91902482374373
2025-08-06,85.35637940665617
2025-08-07,90.81420226465036
2025-08-08,91.43366767221124
2025-08-09,92.0541370935362
2025-08-10,91.90384299790215
2025-08-11,89.61758857607632
2025-08-12,94.98569895383977
2025-08-13,97.43688234916868
2025-08-14,92.96242665467774
2025-08-15,92.00716033158109
2025-08-16,92.94283290514748
2025-08-17,94.00419476066193
2025-08-18,91.71995649281453
2025-08-19,87.23486184563833
2025-08-20,91.39750305048796
2025-08-21,88.48000184851081
2025-08-22,96.24660814749302
2025-08-23,95.68244855164716
2025-08-24,94.98027203414158
2025-08-25,88.34062939327127
2025-08-26,91.97271406335578
2025-08-27,91.69123805115167
2025-08-28,93.6460656015687
2025-08-29,89.91351063397745
2025-08-30,89.8679704061558
2025-08-31,88.87716695686177
2025-09-01,87.80068485343578
2025-09-02,90.87071214949198
2025-09-03,91.26926998627204
2025-09-04,88.78781787157007
2025-09-05,89.64016471120337
2025-09-06,89.0010001297513
2025-09-07,91.34520622071962
2025-09-08,93.5662064781619
2025-09-09,93.73736294395286
2025-09-10,95.81490976658384
2025-09-11,97.56766055146862
2025-09-12,100.72176240383241
2025-09-13,101.53499958499741
2025-09-14,99.27583309110206
2025-09-15,97.5212152919201
2025-09-16,99.06825422858195
2025-09-17,101.84354859624626
2025-09-18,102.47908729204325
2025-09-19,99.60167392238121
2025-09-20,100.6947020385953
2025-09-21,99.9095178729095
2025-09-22,94.68711851303682
2025-09-23,93.81140886272279
2025-09-24,94.6772398242458
2025-09-25,88.20635614123485
2025-09-26,90.92868232445002
2025-09-27,90.81923492768136
2025-09-28,93.17776168393934
2025-09-29,94.10011386370665
2025-09-30,92.81262598962338
2025-10-01,96.9546116880361
2025-10-02,100.82758827130269
2025-10-03,102.36750742207043
2025-10-04,99.84714339326737
2025-10-05,100.24808877818438
2025-10-06,102.8460542175536
2025-10-07,100.17534403319834
2025-10-08,102.00118300290744
2025-10-09,98.95710286980083
2025-10-10,83.03824374741106
2025-10-11,82.51159144159853
2025-10-12,90.70833125829513
2025-10-13,93.24967026924816
2025-10-14,89.25429440048784
2025-10-15,85.88708403979616
2025-10-16,83.05708179277882
2025-10-17,80.33407538135272
2025-10-18,82.17309276621214
2025-10-19,83.4034294470365
2025-10-20,84.7193901469644
2025-10-21,82.29779945833859
2025-10-22,81.0627064592258
2025-10-23,83.67515399911073
2025-10-24,84.89138773227126
2025-10-25,85.69608818734264
2025-10-26,88.17091111274532
2025-10-27,87.50874878045644
2025-10-28,85.61910400215217
2025-10-29,85.28630116792836
2025-10-30,81.6641204582304
2025-10-31,83.08161713826205
2025-11-01,83.41799507172142
2025-11-02,83.53377946699985
2025-11-03,75.51665397464963
2025-11-04,71.9611866525434
2025-11-05,75.00559800516312
2025-11-06,72.67276500386652
2025-11-07,77.27877587200145
2025-11-08,76.46136119457158
2025-11-09,78.06045412958287
2025-11-10,80.20436844567507
2025-11-11,75.88485733469685
2025-11-12,75.29651274148681
2025-11-13,72.86165413384906
2025-11-14,70.43172648859816
2025-11-15,71.20262860873136
2025-11-16,69.98492945478489
2025-11-17,68.18848840683457
2025-11-18,70.5927239740173
2025-11-19,68.08617259313155
2025-11-20,65.277153207795
2025-11-21,63.00739197979078
2025-11-22,62.89081990068662
2025-11-23,64.4224843674493
2025-11-24,67.70172239583876
2025-11-25,67.47980870666795
2025-11-26,68.90815567421554
2025-11-27,68.4970146698973
2025-11-28,67.62799148244694
2025-11-29,67.12333146512182
2025-11-30,66.41356968128012
2025-12-01,62.72992532828715
2025-12-02,67.19937272201373
2025-12-03,69.70580858232161
2025-12-04,67.5417038246708
2025-12-05,65.31581275719293
2025-12-06,65.52181187478539
2025-12-07,65.65327420680399
2025-12-08,66.26225025627353
2025-12-09,67.74504462688819
2025-12-10,66.46287743716968
2025-12-11,65.88860783025243
2025-12-12,64.6702807136337
2025-12-13,65.26964223631228
2025-12-14,63.666097374796216
2025-12-15,62.03911356111752
2025-12-16,62.88596879129257
2025-12-17,60.5487374034247
2025-12-18,59.09938652954282
2025-12-19,62.11964200793369
2025-12-20,62.230037424591075
2025-12-21,62.07292332784724
2025-12-22,61.95384276732465
2025-12-23,60.98338296736133
2025-12-24,60.61701604387753
2025-12-25,59.60476143976442
2025-12-26,60.21237240433589
2025-12-27,61.53129172933074
2025-12-28,61.72644493392099
2025-12-29,60.91064907659539
2025-12-30,61.46309642919833
2025-12-31,60.744236473072846
2026-01-01,62.14429588444463
2026-01-02,65.12027852249977
2026-01-03,65.55688890522505
2026-01-04,66.94913134092916
2026-01-05,70.25904300627504
2026-01-06,70.30683262331436
2026-01-07,67.84806565101732
2026-01-08,67.20636031550735
2026-01-09,66.79735860314369
2026-01-10,66.92417777568726
2026-01-11,67.00116845668349
2026-01-12,66.50248638158733
2026-01-13,69.95850840401391
2026-01-14,69.715303197035
2026-01-15,67.88227634543385
2026-01-16,68.1516097795852
2026-01-17,68.3192922662265
2026-01-18,66.16688192832508
2026-01-19,65.11091537789923
2026-01-20,61.9510706341157
2026-01-21,63.201107554695554
2026-01-22,62.92062863974258
2026-01-23,62.75746817771347
2026-01-24,62.52368399364825
2026-01-25,60.05220139852757
2026-01-26,61.760275391077826
2026-01-27,62.72019325121844
2026-01-28,62.50210880250976
2026-01-29,59.35589341486003
2026-01-30,58.23670056854954
2026-01-31,53.76641926331548
2026-02-01,52.15886851099598
2026-02-02,53.463179921360606
2026-02-03,51.9371882686945
2026-02-04,49.60935561348512
2026-02-05,42.28512720669062
2026-02-06,47.47905301699355
2026-02-07,46.93173838862902
2026-02-08,46.65267605645487
2026-02-09,46.60931653190766
2026-02-10,45.33938281797428
2026-02-11,44.30750681506934
2026-02-12,44.50252645089413
2026-02-13,46.108509177084095
2026-02-14,48.36110829744374
2026-02-15,47.02580534322895
2026-02-16,47.5159800200695
2026-02-17,46.91605244501538
2026-02-18,45.60024130166396
2026-02-19,45.61180686585658
2026-02-20,46.58499007052435
2026-02-21,46.636641722279506
2026-02-22,45.67006796959403
2026-02-23,43.855212620808636
2026-02-24,43.562465360238605
2026-02-25,47.08384416470962
2026-02-26,46.23356631550491
2026-02-27,44.88456220115782
2026-02-28,45.39301652405193
2026-03-01,44.79526074970869
2026-03-02,46.01774276762073
2026-03-03,45.48632583748008
2026-03-04,47.51958618676236
2026-03-05,46.65795564896944
2026-03-06,45.21269842654485
2026-03-07,44.77079165053115
2026-03-08,44.200651594207365
2026-03-09,45.32000480245474
2026-03-10,45.95450680127439
2026-03-11,46.32203620841453
2026-03-12,46.42387285105741
2026-03-13,46.889756763593745
2026-03-14,47.02201477039181
2026-03-15,48.287558182562975
2026-03-16,50.11464238586532
2026-03-17,49.452124440794876
2026-03-18,47.75606435365224
2026-03-19,46.994120034865475
2026-03-20,47.314073951295164
2026-03-21,46.310988744004554
2026-03-22,45.693004278810264
2026-03-23,47.26937543202795
2026-03-24,47.15943251698099
2026-03-25,47.58199842258059
2026-03-26,45.78071666086306
2026-03-27,44.62372131124101
2026-03-28,44.61683754703144
2026-03-29,44.28396895674355
2026-03-30,44.52788400876867
2026-03-31,44.91848866819987
2026-04-01,44.75812764602482
2026-04-02,43.52839252717161
2026-04-03,43.87878114359913
2026-04-04,44.051193824373435
2026-04-05,44.425986765636985
2026-04-06,44.01936444892179
2026-04-07,45.912717002198306
2026-04-08,44.67486991660992
2026-04-09,44.90373075963072
2026-04-10,45.278958188086015
2026-04-11,45.276036287143725
2026-04-12,44.0708606399971
2026-04-13,45.851776556315336
2026-04-14,45.221847974372324
2026-04-15,46.03817725504015
2026-04-16,47.686464000485884
2026-04-17,47.98868937920896
2026-04-18,46.715133243440896
2026-04-19,45.593431185846924
2026-04-20,46.51995463255032
2026-04-21,46.86877946478621
2026-04-22,46.997785047252414
2026-04-23,47.0615719821464
2026-04-24,46.9458821082449
2026-04-25,46.685618483731794
2026-04-26,47.035875345796526
2026-04-27,46.30547060457289
2026-04-28,45.94363104524369
2026-04-29,45.62872907229146
2026-04-30,45.64883516349585
2026-05-01,45.958189985621296
2026-05-02,46.215337951764994
2026-05-03,46.16083201310634
2026-05-04,46.52166495873995
2026-05-05,47.61813865126913
2026-05-06,48.704929795873745
2026-05-07,48.015518583288866
2026-05-08,49.235882711434016
2026-05-09,49.28054658852295
2026-05-10,50.819865990989754
2026-05-11,50.86036789211374
2026-05-12,49.75713959316981
2026-05-13,49.31957248281238
2026-05-14,50.231399594128504
2026-05-15,48.94841646795237
2026-05-16,47.9292310514967
2026-05-17,47.43068511567332
2026-05-18,47.17651585244346
2026-05-19,46.60341296894563
2026-05-20,47.18711590068298
2026-05-21,47.8113215718441
2026-05-22,46.57950761453639
2026-05-23,47.21221611154991
2026-05-24,46.94580714621072
2026-05-25,47.327608379238
2026-05-26,46.77182519003228
2026-05-27,46.10502575019644
2026-05-28,45.685564858293795
2026-05-29,46.02199158996309
2026-05-30,47.52993031498393
2026-05-31,47.4826152702011
2026-06-01,46.62924722761453
2026-06-02,43.53482009930898
2026-06-03,42.47759287202212
2026-06-04,41.01956955429186
2026-06-05,38.35173899424203
2026-06-06,38.34252872943149
2026-06-07,40.19745118073092
2026-06-08,40.24650773479776
2026-06-09,39.43300740855279
2026-06-10,38.45323553588621
2026-06-11,39.88377922895867
2026-06-12,39.672306781803144
2026-06-13,40.36027880135231
2026-06-14,41.27363311387137
2026-06-15,42.103611313212966
2026-06-16,41.55538750248826
2026-06-17,41.065598836460055
2026-06-18,39.913448468173705
2026-06-19,39.38788113653586
